path	bytes	sha256
.checksums	179686	3c39f34a2e29109934aff91d4dacf88bb69aa72e931c99460abf62192dc125b9
config/jaunch/common.toml	14592	509ac9089edf5b46c5542e3f76e52210f7d4d41606a190d99d1d6413f38a480c
config/jaunch/fiji.py	2785	8eba51bcfe5587dcbe25358f6a87c1ee3c4031f861ec74a695363b14437bf910
config/jaunch/fiji.toml	14113	dab8ea7b3dcb8e51fa656431e2c9258c0aa56784d6ee34927593bb1a71bcdb4d
config/jaunch/fiji.txt	1316	69111437cb1feba2a33811592e2c45de6e00fd9a4dc0c152ab0e878449fb910a
config/jaunch/jaunch-linux-x64	1694408	b3f9136999f2d1c2d4ee845dad29acb707392e1173eea988da3fe56ad69f98bb
config/jaunch/jvm.toml	35665	72ebac3c9cbb676dc1c339eee8b14348ee0b5d9cfc0d2caa78b649e2e600d3fb
config/jaunch/Props.class	939	231776f005c37f322ebf7225bb32306437f578fce58fbd938108be6c60cff2d8
config/jaunch/python.toml	14142	174903a7fb794d033ebf946794a47a680de73cfa9e8f696a647b8db86f8ad280
config/jaunch/repl.toml	905	7736a545925c63f7479199854374567bb2ea23824eec95073b9ab16de2451cd1
db.xml.gz	365164	72f9dadec94c6d5fb566f534788b5db734fb01ec9a1dd29539591be2278c80a2
fiji	1298	82ecef905c296033a4553eae64e5b21b3d329648ef3e79caee5b8e4a3e2c907a
fiji.bat	1268	69c024007b733d757bb6403027129f99191d6eb8cafcee7bb6ff45a1d00cee9b
fiji-linux-x64	30640	9791bb98ed4093ab647487b737529a4651477fcba072be3c0518c3f6f5cee065
ImageJ2.desktop	438	a57963331d63bb54061b070ea9cc15527dcd6fe5b8409526a208f16224cef97b
ImageJ-linux64	90243	44681c36aff09ab0eeb30c3d0470e27b6e7b6b782bee7a1de7de8292e349e380
images/about/about1.tif	2800000	7ed0954859e68939855f5a2ce307b7d3744c3ac98a04bc4102e61d1eb57fde62
images/about/about1.tif.txt	118	40a9685f443a8a219132b6ffcc584cd5a5f06a8a64eb1b150f4b6ee4def0f0e9
images/about/about2.tif	1344672	68c67334f9f8cb0ad799cdff18437442c69c08d667ddedc4bec7ac24291000f9
images/about/about2.tif.txt	119	86137db5366b3e1dcbe3d8f1be2bb063ed2f4613460074eb8fbe3a8bd1c051b5
images/about/about3.tif	2359450	b20de61e28e6053c27e455af2c55d159f25308c9c27a45826187c6f3df4e5005
images/about/about3.tif.txt	123	d99b95f765358274426d5e55ddfb1ceb34482aa65ca185d28dfca81b61140660
images/about/about4.tif	1279354	565419a59a82f3391f0d35d6ade086336b54c9c94e067f97dadf095b64028351
images/about/about4.tif.txt	113	1adff24565498222fff39e771318946a34d0df95ce26c9536b6cf0ee77cfc68f
images/about/about5.tif	1281409	869dfa6eeb1ad733ed3fe9c38d420c91923eea56b23ba9bc94467dedd0416890
images/about/about5.tif.txt	120	0e3fd42e0a158de0ab5d607488bef35a275fe1631807f6b58597ab1b8fd9c33c
images/icon-flat.png	2143	6f9c8183792ee0667c9f031ec0088f509d16d7b3a9f253b96bc7286d807e81dc
images/icon.png	9053	58742ce87a1fe6c2aeb228e38395646155ef5984a31b1a7fcda79aaa1765b066
jars/adapter-rxjava2-2.9.0.jar	14396	e8b76fa20c7a69d2069b72b3cc71c23c259b27e3b809fa67255a2921558cfb4b
jars/ahocorasick-0.2.4.jar	21967	6f65b0c103a9e460297cc775c7b89d9c44a5ecb61565ec9d3d9f9d2cbd949944
jars/aircompressor-0.21.jar	183588	e968bd7f31641ae94ea4ae12971337bdfab794349cc0baa9ccd54553cce712ac
jars/alphanumeric-comparator-1.4.1.jar	4933	57c958c16d15a9d9b874eff4b1ef9dafd57cae4b1b305c01057fa20018040087
jars/animal-sniffer-annotations-1.23.jar	3109	9ffe526bf43a6348e9d8b33b9cd6f580a7f5eed0cf055913007eda263de974d0
jars/annotations-13.0.jar	17536	ace2a10dc8e2d5fd34925ecac03e4988b2c0f851650c94b8cef49ba1bd111478
jars/ant-1.10.15.jar	2304360	763acda4a69588c9ea8817a952851ff0c2fc4bffa1d081c2565dc407f29d5794
jars/ant-launcher-1.10.15.jar	18870	5c8551990307a032336d98ddaed549a39a689f07d4d4c6b950601bf22b3d6a1b
jars/antlr-3.5.3.jar	1185428	d0a819afddbd837b278649eb7ff17b15259d5acc49c58af614f03468a291bd7c
jars/antlr.antlr-2.7.7.jar	445288	88fbda4b912596b9f56e8e12e580cc954bacfb51776ecfddd3e18fc1cf56dc4c
jars/antlr-runtime-3.5.3.jar	173220	68bf9f5a33dfcb34033495c587e6236bef4e37aa6612919f5b1e843b90669fb9
jars/api-0.14.0.jar	102759	28100a1a8f6b0d1e26c72301dc5588045bcbae36aec19a91064eb0c183345264
jars/api-common-2.37.1.jar	50440	429a441ae9b709e3e04e708efe91aaaecc24d1e6252595fbbaa7f9a2f05f992a
jars/app-launcher-2.3.1.jar	39715	9bab5a5275da2070804ea72b8f5b965e1533b9a14b31c607683f8fb8d0ef0c68
jars/args4j-2.33.jar	155379	91ddeaba0b24adce72291c618c00bbdce1c884755f6c4dba9c5c46e871c69ed6
jars/asm-9.7.jar	125428	adf46d5e34940bdf148ecdd26a9ee8eea94496a72034ff7141066b3eea5c4e9d
jars/asm-analysis-9.7.jar	34776	7bc6bcbc21379948a0c8c467fb0f864206e5b818f6bc0b546872f5c9f941556f
jars/asm-commons-9.7.jar	73426	389bc247958e049fc9a0408d398c92c6d370c18035120395d4cba1d9d9304b7a
jars/asm-tree-9.7.jar	51934	62f4b3bc436045c1acb5c3ba2d8ec556ec3369093d7f5d06c747eb04b56d52b1
jars/asm-util-9.7.jar	93784	37a6414d36641973f1af104937c95d6d921b2ddb4d612c66c5a9f2b13fc14211
jars/autocomplete-3.3.1.jar	154451	0b8e0f6286442f3ede8c359dd42032ef9fdf1a6bbace8512418f7cca90acb5c9
jars/auto-value-annotations-1.11.0.jar	7491	5a055ce4255333b3346e1a8703da5bf8ff049532286fdcd31712d624abe111dd
jars/aws-java-sdk-core-1.12.772.jar	1054212	1a07bb74fb527589c45016b4a5bee8824250583e6c5efb4a63c294150dbb30f2
jars/aws-java-sdk-kms-1.12.772.jar	760920	39edffcfa3703c3730febcf2b6c4167f467a89b135956623cf6e466fd6592557
jars/aws-java-sdk-s3-1.12.772.jar	1275778	f6ad61c02739712db660c69a3768129b03164b7442de27325ab5348a02cf8c9c
jars/base-18.09.0.jar	212796	c73d01ffb427e5b7008003b4eaf9303c1febd883100bf81752ba71f41c701148
jars/base64-2.3.8.jar	17008	bbf41fda22877a538f6bc2d5ad0aa372a7ddf4a756af3386aa09d3d4eea84f7f
jars/batch-processor-0.4.2.jar	22262	5865ffb7b7760cacd24f01377cadb5cc4dabaf14e46ed3f3feecbc88c3b2364e
jars/batik-anim-1.17.jar	485992	67d9d691ecec857ac3628fbd2167c201940d3c4b65ab7386484ac730cb8cf9ea
jars/batik-awt-util-1.17.jar	424429	7fe38f9451eb94575214323261c8192b63f1dfd2610659255fbbbbfde94a2a66
jars/batik-bridge-1.17.jar	704814	3bd027e19a0be2496c2c3950152525c91461a7d081edbd828bb3d2d269ec5870
jars/batik-constants-1.17.jar	8436	75db00180bde4ef5caee3916d6f65e5045051d59cf51d57e673c03969d7bbbcd
jars/batik-css-1.17.jar	330640	dcf9a902bd0c4b1a84ac0561d7b66052bc93381c4923a5bc5602290c1c82b779
jars/batik-dom-1.17.jar	184033	f242ddb05b268b15ff055d1d1aaf2dc9c3418e842ba806731408a984d4e3240c
jars/batik-ext-1.17.jar	10244	8267fc60b4a5b0f2afa7dcfdad40beb0e723d6a19b66b8e24bc37c2ec6dc5450
jars/batik-gvt-1.17.jar	192067	93f4e4a844cafc5b3d5731a299bc00cf14404026ddcb1d749d29ca79486b4b90
jars/batik-i18n-1.17.jar	11427	d5a64680363e7b36b3f28c34a3a536d76e847f77cec0740aab7c799a67b52d8b
jars/batik-parser-1.17.jar	76812	5e448bbfaf6127567f41f698ee25ad79b844363071c12d1175896c78891717d7
jars/batik-script-1.17.jar	24654	2ccbb4bd6d5a630fb7d26f0dd3118d4742f7bae0e972ee672130e803f672950c
jars/batik-shared-resources-1.17.jar	6670	5d74182b9ca19ecd8d4814f2ff4b42a4aeea6e18977e905cc84e8a6f81940c9f
jars/batik-svg-dom-1.17.jar	230456	19347218a490670c4b9d2cd15a45155c1af9f41e77f7eada99eb94dbb90be8e3
jars/batik-svggen-1.17.jar	227423	108f725ffe135dca566d925f3ace26a5f80399f288ca190561805dec28005d63
jars/batik-util-1.17.jar	127142	a1e4f743c8b80ac682edd4b397faa4ac42de591343036324c80ee8f22973c976
jars/batik-xml-1.17.jar	33826	fbcc2300066ac4042876c52c327acdf0b515962f1690400ed7a78ed2c0d4c1b4
jars/bcpkix-jdk15on-1.62.jar	870638	a3f033b5d761974e865ead3473656bb2e1a4049e3ef4eb0742225b1e1f4032db
jars/bcpkix-jdk18on-1.78.1.jar	1125173	4b48ea084e5232b9d79ebca1887b9de037b124931807cd60710748c2aee08cc9
jars/bcprov-jdk15on-1.62.jar	4558151	2fa0ab71b154da29ac134097bc6bbacd90987dd4c4005516159e6494d1d52ea2
jars/bcprov-jdk18on-1.78.1.jar	8324412	add5915e6acfc6ab5836e1fd8a5e21c6488536a8c1f21f386eeb3bf280b702d7
jars/bcutil-jdk18on-1.78.1.jar	705135	d9fa56f97b0f761ce3bc8d9d74c5d7137a987bf5bd3abfe1003f9bafa45a1d2f
jars/bigdataviewer-core-10.6.4.jar	1043466	d99c2764a50269119efab88420c3f347c1600025332eeb42e81a1ba559e17ca5
jars/bigdataviewer_fiji-6.4.1.jar	186164	368f2adb2a14944c9f26d1e9710630ec6e29809e5f2736c6259fa3f9bc8411db
jars/bigdataviewer-n5-1.0.2.jar	6879	cbfdb2d24a080aaa6ccf2b3dec80cbfb82e2b5b238671d4e69486ede06e692a3
jars/bigdataviewer-vistools-1.0.0-beta-36.jar	3864	d06ebf11bcdcf7d7700e5fe25742dd292e86b119e6997d6d9a0b802f5b32551f
jars/bigvolumeviewer-0.3.4.jar	278057	f39f7210ac936c5e4a3110605bbb5cdb44e659690f2f7b77e4d5b62dd5e63e24
jars/bij-1.0.0.jar	368632	126a5533275ee16d17236e7e8c5804814166987089bb74323161d7b1f3ee508b
jars/bio-formats/formats-api-8.1.1.jar	146169	be13d42dc3c514dbe1dff16fda0261939357b18ce663a75bfd37235876a823ec
jars/bio-formats/formats-bsd-8.1.1.jar	917394	0e4ca71bd1fc4f0d639b3e9e70987bd35c31ebbc9d4c533b86dd1b1a93a82e11
jars/bio-formats/formats-gpl-8.1.1.jar	1524588	27fe4fbee8abed2bed81fb51bec91a0af5d8aab4b6b964d39536f371710425f7
jars/bio-formats/jai_imageio-0.0.0-STUB.jar	511	d53dc2a3ddb57d583a6ab1084caec6105c1743f0f06aaf522da5a72a17a91095
jars/bio-formats/jxrlib-all-0.2.4.jar	508170	c5677ff87125def275cc996c982682a917dbef5a3bf0aa614a2081c68769a346
jars/bio-formats/metakit-5.3.8.jar	14192	1e5a766113166966b1025f4e12728685c66c8cb5905512ea1d4c87b89800dd4c
jars/bio-formats/ome-codecs-1.1.0.jar	93585	a8b570f5ba5297d72890afafa137d03bcd8ee8f91a9e67bd3509d39b05cdca3e
jars/bio-formats/ome-common-6.0.25.jar	142529	d19f847a80f4aa3dfdb0934904f38d87932cf967aeb9409ccaadfea2c6f45863
jars/bio-formats/ome-jai-0.1.4.jar	1050352	5263b846415346d0b51bbf6a501093d605e76e34c2a13f0e3da6448f13b17971
jars/bio-formats/ome-mdbtools-5.3.3.jar	92338	fd3fbb39a4079e12e9050044b2a5f402cebd69a198668b7a0e1a306e4f3a7769
jars/bio-formats/ome-poi-5.3.9.jar	951929	953eaba4cb1047cfcab8f12157d8aa2960d60c7eccac066146eb2a9443a1da6d
jars/bio-formats/ome-xml-6.4.0.jar	654292	18cb0a8b8ed923635310ff536bed4d851b1ac3758b89f5ac6ed5edd122754ced
jars/bio-formats/specification-6.4.0.jar	629384	72830dc2f2f91e26c8d92a7be920be4bf9fea6f6d921c9e1a1e1be42031ada21
jars/bio-formats/turbojpeg-8.1.1.jar	1296284	e035e287a2a258a2f75eb0a7ce1e77d20c9011c98ffb73ca4821a134e53c8265
jars/blas-0.8.jar	60250	df923f1dd4edcea75c394e5f984fe87767de781b5aabc77fbc4eb0186dd31be3
jars/bounce-0.18.jar	208593	bffff1505335c02256b7ab2ccffbe4aa4d3ac9fe14c17557809b7c9d99d666ca
jars/bsh-2.1.1.jar	438676	71192cbbe49e7a269cfcba05dc5cb959c33b9b26dafcd6266ca3288b461f86a3
jars/bytelist-1.0.15.jar	11032	0269ba1bfa8243e420332183028428b992626cbb1bfb9de0de0bfff546116b3a
jars/caffeine-2.9.3.jar	912143	1e0a7bbef1dd791653143f3f05d0e489934bf5481e58a87c9e619cd46b68729b
jars/cdm-core-5.6.0.jar	4289635	4bb5af83727fe54ebe864cfec73bbeee3306debb158c7747d5750df88518c273
jars/checker-qual-3.48.0.jar	238620	c2b4dcb51ab3ea99bac3d1034d9dca9a8208d85ae3256527a85718340a00eb32
jars/classgraph-4.8.162.jar	567746	ea30b2d5e29e89d52706bcecf7a6ae3b44682d4a1566a5f22b9453f9be2a970c
jars/client-0.14.0.jar	4104	b46709637a38cf9a47cbc20235b570e076424c096050780bf6f9d4b302ce6800
jars/clojure-1.12.0.jar	4227052	c45333006441a059ea9fdb1341fc6c1f40b921a10dccd82665311e48a0384763
jars/codemodel-2.6.jar	152436	2735816d68f85adca141179951889653ce355ae7e7ab4eb92a322ea0ef671767
jars/collections-generic-4.01.jar	531557	cf3d652dd439b3d70cab12c325764b1e5edd648acfb22889f6f2184881bec1f0
jars/commons-beanutils-1.9.4.jar	246918	7d938c81789028045c08c065e94be75fc280527620d5bd62b519d5838532368a
jars/commons-codec-1.17.1.jar	372687	f9f6cb103f2ddc3c99a9d80ada2ae7bf0685111fd6bffccb72033d1da4e6ff23
jars/commons-collections-3.2.2.jar	588337	eeeae917917144a68a741d4c0dff66aa5c5c5fd85593ff217bced3fc8ca783b8
jars/commons-collections4-4.5.0-M2.jar	850663	dfffc8969262e5ef555e8efcbedabfe0d3faf3d847a875ea28c6f8b998d34f58
jars/commons-compress-1.27.1.jar	1087319	293d80f54b536b74095dcd7ea3cf0a29bbfc3402519281332495f4420d370d16
jars/commons-io-2.17.0.jar	515978	4aa4ca48f3dfd30b78220b7881d8cb93eac4093ec94361b6befa9487998a550b
jars/commons-lang-2.6.jar	284220	50f11b09f877c294d56f24463f47d28f929cf5044f648661c0f0cfbae9a2f49c
jars/commons-lang3-3.17.0.jar	673587	6ee731df5c8e5a2976a1ca023b6bb320ea8d3539fbe64c8a1d5cb765127c33b4
jars/commons-logging-1.3.4.jar	73721	bc2dfe32f1ef06509e6a065144c1adf7b420eabf11a87f30bd127f8faa332016
jars/commons-math-2.2.jar	988514	15993bb2a3cf50f3291b40fc980a3166a0984e7b5f1abbe5232151fd94954584
jars/commons-math3-3.6.1.jar	2213560	1e56d7b058d28b65abd256b8458e3885b674c1d588fa43cd7d1cbb9c7ef2b308
jars/commons-pool2-2.12.0.jar	150048	6d3bd18df8410f3e31b031aca582cc109342358a62a2759ebd0c4cdf30d06f8b
jars/commons-text-1.12.0.jar	251227	de023257ff166044a56bd1aa9124e843cd05dac5806cc705a9311f3556d5a15f
jars/commons-vfs2-2.0.jar	415578	5af37bc47f6bcce94e740b9793115ff135dda54f9ccf98e057938c2c98765f4d
jars/compiler-interface-1.3.5.jar	92468	df5d1931595b670769e98285cbdac71c849f37a1573d4c1acdac4d2bd64cd689
jars/conscrypt-openjdk-uber-2.5.2.jar	4534256	eaf537d98e033d0f0451cd1b8cc74e02d7b55ec882da63c88060d806ba89c348
jars/converter-jackson-2.9.0.jar	4092	7d94ccd114408ce1b1e30c52d0e412acf3285ea2d3debd734d17558a629c3b28
jars/Correct_3D_Drift-1.0.7.jar	19551	ea86a4a75deda05fb2f704e78182fc40c33875cb206d58a63104ddd043752c6d
jars/datasets-0.8.1906.jar	167028	dac48a22e7c466d34a571595932a28310e14b190875e9a36d4ac733bb6c97b83
jars/directories-26.jar	14239	6d18fe25aa30b7e08b908cd21151d8f96e22965c640acd7751add9bbfe6137d4
jars/dirgra-0.3.jar	16400	9ee2b48dcdfe0f6261200b81852a3f8c02af702269457c82f485d36d6e078360
jars/ejml-0.0.0-STUB.jar	511	a8073dd940402a07090acff4e5ef84ccf6208c9ca9bfd3471f34b717021cbb57
jars/ejml-all-0.41.jar	749	75172c94331a214677d12dd6fbd1ff8bf24120f383da8eea4926e7739b62e50a
jars/ejml-cdense-0.41.jar	75427	ad06ef87a0e1b4b8152ebcbf8fa204a17a394b7cb0625c9b36f78181590ff907
jars/ejml-core-0.41.jar	259045	8d36469e8414d79c875defc0af3b980525d384761c9471d15a4f365b936dd1d5
jars/ejml-ddense-0.41.jar	408061	355347e9cac7e96d5d724d331a9b04bb14a8a02e1d111f1ac51c79f25d937123
jars/ejml-dsparse-0.41.jar	94475	278dbe323a3218697d687243da1a2ff0c88800825ebba02388274542519641ed
jars/ejml-fdense-0.41.jar	406624	0ec25b3bcd950c2ce1c7d5389f958e5507ebf9f4c7a209a2b4236a73740aa98e
jars/ejml-fsparse-0.41.jar	93732	8ddb3bfa0de174c16e57b7b08b60d0f324a4f99e574033c4fc77508e2516ce41
jars/ejml-simple-0.41.jar	183555	f8989a6df897b32789d2bc590c7ddc020c8e269180150322c1e812522fce96a7
jars/ejml-zdense-0.41.jar	75780	5d44c52c24e2d6e702c2f5f775707f62a71055fdbc655da21389beca4427c3f9
jars/error_prone_annotations-2.32.0.jar	19397	1f52fedb9ac8e0e6aaf312964f4b390312ea45f91a5657050f29780907b484ba
jars/eventbus-0.0.0-STUB.jar	511	a8073dd940402a07090acff4e5ef84ccf6208c9ca9bfd3471f34b717021cbb57
jars/f2jutil-0.8.jar	69111	4c274946ea96150cc927e5cdd92533ab02de0760f82286b6aac3a01600835572
jars/failureaccess-1.0.2.jar	4740	8a8f81cf9b359e3f6dfa691a1e776985c061ef2f223c9b2c80753e1b458e8064
jars/ffmpeg-6.1.1-1.5.10.jar	278103	d73f0c2c0ac2f54c6963b125e06ad83c3ecc6c1083f98641296cd2c648bad27e
jars/fiji-2.16.1-SNAPSHOT.jar	47206	967a226fad35f832e187924cc568ab39985cd3441afa90ae3ac90cf7ee084f54
jars/fiji-compat-0.0.0-STUB.jar	511	a8073dd940402a07090acff4e5ef84ccf6208c9ca9bfd3471f34b717021cbb57
jars/fiji-lib-2.1.3.jar	91774	35eeb0174b29db972b826c82e93482a88ea13f0a931597ab1ddc7222b36707c3
jars/FilamentDetector-2.0.1.jar	1580696	5d9189b2b3934f07e6f631fb4b9a010b6b455dfd75a27dce6b10abae9014fc25
jars/filters-2.0.235.jar	340318	be6a1d54ebb043495e31e25e72b440f69156a5624cdd7e1c55c47e30d4fae308
jars/flatlaf-3.5.1.jar	904104	62a044190aedfb4168ed04eb3fe480a167a875b1a847f2655aae708847dac659
jars/fontchooser-2.5.2.jar	37014	eddae45b8203846083d0cd996ccdf2c25c48c2ea8d585baa8e970e8333e966b3
jars/gapic-google-cloud-storage-v2-2.34.0-alpha.jar	73338	f54e9d5803cd4896e0c11b1f441b2667aa81c8ef0778a37ccb17b09022bb5b9c
jars/gax-2.54.1.jar	413217	dd0f83c3a98557f8c88d7803a1365554d28709c0e1623a2f6644f2301ff976c1
jars/gax-grpc-2.54.1.jar	147577	cedb1c2b224560cb005b30a75617dda9832d4efe206d873aadff6e8667dc1f02
jars/gax-httpjson-2.54.1.jar	161043	6b3a8aaa64875461b55441c9cc4c7a29363d06005b4f03353ef1f578bee2e4ed
jars/gcc-runtime-0.8.1906.jar	21029	0f096d253d814d2485a51468a7a6dd6cbeb289ede45fa22550d1d8faa851c4bd
jars/gentyref-0.0.0-STUB.jar	511	a8073dd940402a07090acff4e5ef84ccf6208c9ca9bfd3471f34b717021cbb57
jars/gluegen-rt-2.5.0.jar	387897	3620c18536a8671fcb1c595d7448e9d31226b824117af6a4c6d45c657f4dabe3
jars/google-api-client-2.7.0.jar	301933	423c165813ebe63d3cbb4df12affa099c05784bace9289a5929e25d23aa2d3e2
jars/google-api-services-cloudresourcemanager-v1-rev20240128-2.0.0.jar	156227	f52df2d8da896b72796e32e0f2b859a188699f4a2a7f479829919248083259f9
jars/google-api-services-storage-v1-rev20240209-2.0.0.jar	238066	7f9bcada590b667e46517194ad23c2930cc9bcfc7819fc1f85ed373f06b0b706
jars/google-auth-library-credentials-1.27.0.jar	7353	e4717df3f5ea5b9f910ddb173d42d887c26be5ee76e58c5e3951b2f638ce74e2
jars/google-auth-library-oauth2-http-1.27.0.jar	276050	34887235c78c9221e1d95f1b4117b0bb81a0a5ef7b9e67bf005f19d73a8f74b8
jars/google-cloud-core-2.33.0.jar	139220	62dcd1c4a037a5b7f223efbe6d0cb8c191dc526ba0bd741105eaa974c32cb79e
jars/google-cloud-core-grpc-2.33.0.jar	16767	54cdd9c5e2b9152a0a5acc25875ec18e8407b5b44babac63fd09d75556393815
jars/google-cloud-core-http-2.33.0.jar	14918	7497637f9cef7e23d08e6a39cd00dcbe9c0a85b00904debe612ba417c27f9984
jars/google-cloud-resourcemanager-1.38.0.jar	410669	7b38a0920538fa47455260c1a00ddaf883b33e13c71008d5758ec65c0cf08452
jars/google-cloud-storage-2.34.0.jar	994011	13160fd0d171206f0488341abb7020230448a4a0be8ada72a011e5f879a00ce6
jars/google-http-client-1.45.0.jar	295509	8340bbaf4410bd25921842e424cac3db9c916fdf47adfe73b8cba8dba7a06103
jars/google-http-client-apache-v2-1.45.0.jar	11660	082e7b24595a63280d8eb7ca9ee6b357367a4239527ac13229ec6013832c6bdf
jars/google-http-client-appengine-1.45.0.jar	18648	0d0efde4ac1f08838d3f5fa0a4b3d42cef6818196336bd8fcd80c5b7a9235c3c
jars/google-http-client-gson-1.45.0.jar	12821	44dc1da1b7914fe7df306ac79e8c04d879cbfcb2e6afc8eb106ecf0be9dce96e
jars/google-http-client-jackson2-1.45.0.jar	9651	362403c61415756dd2c6cbec83978304bbf6e2a4c2d192e9c63355091c632f38
jars/google-http-client-xml-1.45.0.jar	31520	7a096baa819ae12fb8dd40728db7c42c890430704975d1c5ad446ef209f28e9b
jars/google-oauth-client-1.36.0.jar	81744	8fee7bbe7aaee214ce461f0cd983e3c438fd43941697394391aaa01edb7d703b
jars/gpars-1.2.1.jar	1384400	f9e08bf964f34d129344404c01666276ec43c6704dd74e8d4ca32dcd1d2fb4a8
jars/graphics-0.8.1906.jar	131797	d978df89317959d2cb855aea6355416776c73387ff20fa92cff73dddc78cd0f3
jars/grDevices-0.8.1906.jar	94199	9b6c359a5e5938655c015f929c0284162c39e90780c2c6985fedc04d1e86c931
jars/groovy-4.0.23.jar	7600493	b26ee90507fecda8c6da6d3fdbeb8b2c99979ac8b8aa2459a4813e6bee7ae6e6
jars/groovy-dateutil-4.0.23.jar	7890	3c5de75419b5b9a21337fa9a60b7eca38645889290adab076c1caf1f8f3e2e07
jars/groovy-json-4.0.23.jar	130014	c38cb3e30fefa49768a424abc5cc6b7fe4ccde526996a75836fa0295a779a22b
jars/groovy-jsr223-4.0.23.jar	16924	dc85b82601bac1f56c9a7a264da96edd53426b00423e8bc29f85de1affcac3e8
jars/groovy-swing-4.0.23.jar	337021	ca8f49283c56fac3d750d8685dbb6d56af3b60df30ec69ea94e89add0f868d70
jars/groovy-templates-4.0.23.jar	92232	abc89bef96102d07f797401295f4f074cfaa1517a901204eb2a5fc7cf1cc543d
jars/groovy-xml-4.0.23.jar	212581	c1a89c8707a8c4e9f714b719bc9a7a7c20fd5f1589c8fb7203f0ff89602dd5fb
jars/grpc-alts-1.68.0.jar	320442	91bf6e78af5d0edae98857a798e47aa0789159774009a64125d46def9aabcbf8
jars/grpc-api-1.68.0.jar	316053	b5120a11da5ce5ddfab019bbb69f5868529c9b5def1ba5b283251cc95fb3ba91
jars/grpc-auth-1.68.0.jar	14758	f686aa689d39175e6ef6cf3dc207df43552653fed7912cfb6c2d31866349d28b
jars/grpc-context-1.68.0.jar	293	45f85a394466f963f1f7a5c5555e6dda35efd05ce1c687203a217d7048f6f089
jars/grpc-core-1.68.0.jar	641237	a8dd684c322ba8a86a95b2653fa4106c918a56edd863e45aaf63839d6a6ea082
jars/grpc-googleapis-1.68.0.jar	15093	20359d482402ea24de696b94ee27293d3af746fec9dbb479b88d750c57c2397b
jars/grpc-google-cloud-storage-v2-2.34.0-alpha.jar	31762	532d670f789e7237db91844ac153f4d7c39d1c081428528fb79ddef77b9cf092
jars/grpc-grpclb-1.68.0.jar	177176	13a2f7d7c50ef4dc5f3744c0f75341b0c64a2a6dcb2449f8a2089c5ed013751d
jars/grpc-inprocess-1.68.0.jar	39452	11d3649382bf7780a868e129965b929bdb6efcc3de2ef6f629141e79a0366b53
jars/grpc-netty-shaded-1.68.0.jar	9798647	de6fd10fef856dbb83ecbd0baee5313a274bb8202adca01091161024e25fd1dc
jars/grpc-protobuf-1.68.0.jar	5291	79704cf169ee27151fce4375a4d91fe828d276d921eef5a7f497d020b0a5d345
jars/grpc-protobuf-lite-1.61.1.jar	7853	1814d15d832917754ab39ed480131e9c30ed0857d7f1f0c2af3f5d6f71c6e0b5
jars/grpc-rls-1.61.1.jar	256558	584837aae8156a685a3e0c62c567d8eaefec6cc4dde2f062cc11189ba12e828a
jars/grpc-services-1.68.0.jar	940585	2d3e6911bfec8a20af982a4c14d2bca5bdb1c079af250fb778bc71950c611c15
jars/grpc-stub-1.68.0.jar	52397	7c4090509cd6ea0432305f9397da21127b691905bdcf163a306bedb1c6f4ead7
jars/grpc-util-1.61.1.jar	98000	1ad490f20b4941878eedf9f2f9c5b757ac29fd845c44c442278fdb117c041666
jars/grpc-xds-1.68.0.jar	9673788	bcfabb73ba1ab3ea44283c88ed0c8fcdcaa9bdbd54b8fb0cd9faa19388a47f9d
jars/gson-2.10.1.jar	283367	4241c14a7727c34feea6507ec801318a3d4a90f070e4525681079fb94ee4c593
jars/guava-33.3.1-jre.jar	3079289	4bf0e2c5af8e4525c96e8fde17a4f7307f97f8478f11c4c8e35a0e3298ae4e90
jars/httpclient-4.5.14.jar	785639	c8bc7e1c51a6d4ce72f40d2ebbabf1c4b68bfe76e732104b04381b493478e9d6
jars/httpcore-4.4.16.jar	327891	6c9b3dd142a09dc468e23ad39aad6f75a0f2b85125104469f026e52a474e464f
jars/httpmime-4.5.14.jar	41727	d401243d5c6eae928a37121b6e819158c8c32ea0584793e7285bb489ab2a3d17
jars/httpservices-5.6.0.jar	80375	2a8130e5b261adcfea052f02f84dd737b7d53dc3f497982535c8dbfbe801ea07
jars/icu4j-75.1.jar	14312248	543e43a91d1499e331c711a756f833d6fb8cc019f9c9913c0bdf4d53009932d5
jars/ij-1.54p.jar	2586953	2e1a09961dfb41cee66ddc821b2577a41a072566ce45a49bae69267099741e20
jars/ij1-patcher-1.2.9-SNAPSHOT.jar	170561	abcdeb9baf1bf349d77f4c3ee909e3a2217c10a73bec1c1256dcc2eb0644a24b
jars/image4j-0.7.jar	31881	017c1dcd7b0bafbe5f6d3204f43454e1e53421fff3c06b078b4216177ffc369b
jars/imagej-2.16.0.jar	11885	9b678fe33fbaa1d5bbf1673b7d7cece1ae3e11373b37c1347d52d728c9422353
jars/imagej-common-2.1.1.jar	513434	aa0292e424d960378525837f7c4f30ed8adc6528655eafb87c6f2a8a995cc426
jars/imagej-deprecated-0.2.0.jar	700377	629cda90503c0367348c6ee425c7d0128618de32ed15570f7fe9676784909768
jars/imagej-launcher-6.0.2.jar	24175	98113f7d47edfa54c4be0b24d447b12bff5ee2de600c195c73c5b5db2a38e0eb
jars/imagej-legacy-2.0.2-SNAPSHOT.jar	471480	6a647352097846004ce8339a1ae6c0a55a4ecd4e3923cb399103a2e677be9ee7
jars/imagej-mesh-0.8.2.jar	57032	e13327c7c64310ce01fee612ffe1ae144e10729adcce570614aff67b124f2f8e
jars/imagej-mesh-io-0.1.2.jar	15348	76155f15394127a4ccf0043552de1176d5bac217b5ff606adcee93abab944ae7
jars/imagej-notebook-0.7.1.jar	36445	7757011a794146f55cea5e6ea601d54018252dd0f22dee590af103a0c0c36bd4
jars/imagej-ops-2.2.0.jar	1925590	3f98a7a7defc127715829936bcf3fc898ddc68530795588cfe360546991e5b13
jars/imagej-plugins-batch-0.1.1.jar	5771	09e2426828b20e752db29057f1748f97aa6059b05020be336e973fda78a1a649
jars/imagej-plugins-commands-0.8.2.jar	349901	5466ac7bb3c70b32de704978ef8daec763712e423a653e38417459b9d5b17455
jars/imagej-plugins-tools-0.3.1.jar	51513	249569e354b19393301d00b1386f0dc2235bdf30f841ff00b85ca4f3dd195487
jars/imagej-plugins-uploader-ssh-0.3.2.jar	22393	10e1c503d8b535dae1694a006ddfd40a50800684a87cd075e34416a14462d213
jars/imagej-plugins-uploader-webdav-0.3.3.jar	20987	a3df9811689794eaccf6f2c8015691b33b27f0363b2c194733d3143c93e1d61c
jars/imagej-scripting-0.8.4.jar	35969	fd520535802c745d1749a36e9fcf1aa3ae0ea2fcabaabf60e7e545d3a4b37c51
jars/imagej-ui-awt-0.3.1.jar	10992	0bbce867265e91d59a9a0bac6dcb41f40c96b09e9e8e8eb6c6f27454eb1cf682
jars/imagej-ui-swing-1.2.3-SNAPSHOT.jar	276085	217275b994f475d5f2aaf8a1a329f2da08d6880bc96a686b4a6e4235ac953a7a
jars/imagej-updater-2.0.1.jar	255102	44d106f96f662973042afc9341f94ce0895fc503eebc3c6994ad91155fb64afd
jars/imglib2-7.1.4.jar	1117875	4421893803adc66503dd15258a80710ff97d7c274af1836ebcf74b8a5d5fd84a
jars/imglib2-algorithm-0.18.0.jar	1143631	126e0ffed03a00689af8e5b7a40dd6c4843a39488725b0a1add7ab07b21672a1
jars/imglib2-algorithm-fft-0.2.1.jar	20656	42aa56c680d9f579b781dbba4a9175118ca255cf7abf558acf74c6366f22d672
jars/imglib2-algorithm-gpl-0.3.1.jar	154868	ceefc9c31fb41d71e121261703867106215175580c3a45190d7d3258de96a27a
jars/imglib2-cache-1.0.0-beta-19.jar	193709	781725663a070082dce9b7309d5401c5b0b712a8a306632edcac71ffab1ffdc2
jars/imglib2-ij-2.0.3.jar	101529	80ba903bbc58ce6a428fc96f0146276483266be465fe33d4550fc093b4db684f
jars/imglib2-label-multisets-0.15.1.jar	62563	cfd48400bd11ad15ed6170616289cff6f5e3200d165b2e6df592c0d69fd248a6
jars/imglib2-realtransform-4.0.4.jar	131072	4e29a27c9d73b8014bbb1fe4a8ba725ad1ba6d41fe8e85361af15c4100d3e63d
jars/imglib2-roi-0.15.1.jar	304088	79c9f56dbbf54d679174f8706ee08a8befb16022bc09dbd37122fe9e3b36eaa6
jars/imglib2-ui-0.0.0-STUB.jar	511	a8073dd940402a07090acff4e5ef84ccf6208c9ca9bfd3471f34b717021cbb57
jars/invokebinder-1.10.jar	44520	f64f3f2727e64dbbbee20a1bd949e81aa517a8e342d0e77b3267351dda20fa8a
jars/ion-java-1.0.2.jar	565410	0d127b205a1fce0abc2a3757a041748651bc66c15cf4c059bac5833b27d471a5
jars/istack-commons-runtime-3.0.12.jar	29807	27d85fc134c9271d5c79d3300fc4669668f017e72409727c428f54f2417f04cd
jars/itextpdf-5.5.13.4.jar	2334415	6504ed81b34d1b4913d6cf16964b131cd8b10f54fc6c18390bb6dc5f64ea5079
jars/ivy-2.5.2.jar	1405631	98428d545ea63cd9a0aaf255caf42cb8cb64fe430dbb5e709aed536d4daeed04
jars/j2objc-annotations-3.0.0.jar	12467	88241573467ddca44ffd4d74aa04c2bbfd11bf7c17e0c342c94c9de7a70a7c64
jars/j3dcore-1.6.0-scijava-2.jar	1944932	53055934810716391f87fe5c0c9c73b9d5633baf3304a44a138d449a58908262
jars/j3dutils-1.6.0-scijava-2.jar	1047514	95ccfcea340debcbd0e519dd65d556e36aba2e97cf8474c83fd2b1d03324a8f1
jars/jackrabbit-webdav-2.21.22.jar	339144	6fb689223f230f387574a5939c3b9a471b606f23053d2745a632b3c169b3a727
jars/jackson-annotations-2.18.0.jar	79108	a09367d2eeb526873abf737ff754c5085f82073a382ee72c3bbe15412217671f
jars/jackson-core-2.18.0.jar	596823	215bbd7c8fd65be504cb92ff3aa1c4b790fc7b14cca72f4546aac4143c101bb5
jars/jackson-databind-2.18.0.jar	1663219	2bf1927b7f3224683ed0157a1ec3b0ede75179da3e597d78c572d56ed00f9f3c
jars/jackson-dataformat-cbor-2.18.0.jar	70527	f015cdf06d22fa6c06bbcb2f79047bc260f586d6ade01dae1c619f4bb76fad21
jars/jackson-dataformat-yaml-2.18.0.jar	55586	1e14646be85443e9be00c18fe7d67b71953edaed97ce0b30ce822279933aeaca
jars/jackson-jq-1.0.0-preview.20191208.jar	309312	e436726a7dfc5cded20fb6a4dcfdffc7274f2816489a200fa33323727a7be3b6
jars/jai-codec-1.1.3.jar	258160	6d7824d972c0b6e10daa95f430f917d2256954535e62def9d287e79bf7824200
jars/jai-core-1.1.3.jar	1900631	8b696cf067533545f44c2f68339e24ab1a2669153ed2081aa5be8749f4d592bf
jars/jakarta.activation-api-1.2.2.jar	46613	a187a939103aef5849a7af84bd7e27be2d120c410af291437375ffe061f4f09d
jars/jakarta.xml.bind-api-2.3.3.jar	115638	c04539f472e9a6dd0c7685ea82d677282269ab8e7baca2e14500e381e0c6cec5
jars/jama-1.0.3.jar	37424	c7325ee29be1aac1287ddac690f73671f1cd911ca9eca7c619990e86310556fd
jars/java3d-core-1.7.2.jar	1753016	a73bdac94fef81091a8b0b972f9a3d222ae27ed96dc988b09fb2dba7e1c32662
jars/java3d-utils-1.7.2.jar	1017521	e50203e77f7832310a917bbdab018a81bc74096cb330575f9abfeb20f0e135c1
jars/javacpp-1.5.10.jar	506608	7783dd969b51d9bbec02d1711ad5830785da88aad61f18eda93b7937d949dff1
jars/java-cup-11b-20160615.jar	124262	b6b27727d80f563950b20b3b6b5062ae7ce78a1b61a0f3113f42164ce0b31d5f
jars/javaGeom-0.11.1.jar	362872	bffff8ab8eb8b76a0c38a7b00c16be05492aae2358cdc2d5d45d4f2104a7fa9f
jars/java-sizeof-0.0.5.jar	25259	3061a3a8178da337314aa05f0e03adfab6db10b53e826366cb5a3d6ecf41418a
jars/javassist-3.30.2-GA.jar	794714	eba37290994b5e4868f3af98ff113f6244a6b099385d9ad46881307d3cb01aaf
jars/javax.annotation-api-1.3.2.jar	26586	e04ba5195bcd555dc95650f7cc614d151e4bcd52d29a10b8aa2197f3ab89ab9b
jars/javax.servlet-api-3.1.0.jar	95806	af456b2dd41c4e82cf54f3e743bc678973d9fe35bd4d3071fa05c7e5333b8482
jars/jaxb-runtime-2.3.5.jar	1019255	4a25453756d08be89c6537cc26fea237677ab99eea857ce1bcb84346715cfae4
jars/jblosc-1.0.1.jar	11008	dc2a694beab39f17283c0d2efa5277f67b3a2ccb0c96ed6ae5a0f4b820802aa5
jars/jclipboardhelper-0.1.0.jar	9572	eecc85ec16abf300dccbdd72245c2bcb8bb471a516673bac9d512734d217704f
jars/jcodings-1.0.58.jar	1739960	e2f85def67d6848a7a41c648248645689e3990d17ab8f253ab2fd7e69407df67
jars/jcommander-1.48.jar	63504	a7313fcfde070930e40ec79edf3c5948cf34e4f0d25cb3a09f9963d8bdd84113
jars/jcommon-1.0.24.jar	330507	13e2596044935f76694cce65a22d1df908907ddcba0da2b49ff030930262d417
jars/jdatepicker-1.3.2.jar	33887	e2b8f768f0ee996083d01d192bf6f239122d7e2e8c2c44f0d15dcd13a53474d5
jars/jdom2-2.0.6.1.jar	327806	0b20f45e3a0fd8f0d12cdc5316b06776e902b1365db00118876f9175c60f302c
jars/jep-2.4.2.jar	553984	8c0fc6ec8645cb2bf9351cf76be17674dadf57579cd20da31df145bbbe63457c
jars/jffi-1.3.13.jar	162076	78df5fb05d7e2541b867bedc538b18840245a601bb2160fa26824bb67ed93878
jars/jffi-1.3.13-native.jar	1015456	a38dd049951a27f7a423389fecf0195a5bd414f418e90f5ac9992652c22a5b8e
jars/jfilechooser-bookmarks-0.1.6.jar	48619	9b4c0b75e9e0d1f2f64d3ec241b628afe8635fc5e2e578fa4a247ebcbe2695a5
jars/jfreechart-1.5.5.jar	1651097	0912b43a7dd4456c9fd4012fcc9c7b14fd70732adfeaead996824b734a036d5a
jars/jfreesvg-3.4.3.jar	45613	d4116e8771f2d31a86c68d028726c80de7a9ac751eeba8ee46736dcdc0bbc0b4
jars/jgoodies-common-1.7.0.jar	33832	a17480c628e17dbe5fc1f5d866fa5db038a8b52359072c6076debeb07eef8bc9
jars/jgoodies-forms-1.7.2.jar	117714	8b45de231624622f1889c18167f2a67c3ad793daa169cac38c817a91a5f45ce4
jars/jgrapht-0.0.0-STUB.jar	511	d717696fb04d3bf97a776081c0fd8a9936fbf57a315ba3aca010a749158b985c
jars/jgrapht-core-1.4.0.jar	1091677	e6db18743ec01561623c4c6242f8778289da4bf990ac77fa659e09471690856f
jars/jgraphx-4.2.2.jar	832332	8030369bdcaf8f46545c317ae84cd2bc832da54fdb615e48b0a8862280882a82
jars/jhdf5-19.04.1.jar	8467645	0c20636d3388ebaa3c941f6a2c867fc0420ebbc2a5768c14f008f87069e6cecc
jars/jheaps-0.14.jar	153258	49a9898da3758659388f1333c53ccadb6fbd142a7d18aa7b1a33577090684279
jars/jhotdraw-7.6.0.jar	2098069	89656586326e5cb7930044f26d502cd8e5a2c226267c62dbd565f6625fa7c00b
jars/jitk-tps-3.0.4.jar	19215	929058aaf12151f563a25470f1bb218c736ee994ec676bb298746e10b91b3930
jars/jline-2.14.6.jar	268780	97d1acaac82409be42e622d7a54d3ae9d08517e8aefdea3d2ba9791150c2f02d
jars/jline-native-3.27.0.jar	190113	d8bc77bc80edc7d9a02a06a069b2d7085629421db0843aba7c153a869ffe525d
jars/jline-reader-3.27.0.jar	183861	f365bc7d2be969dda7e3f6c207c96bb7bf91dc52fd4a6374943dd969bc6438f3
jars/jline-terminal-3.27.0.jar	264458	2f461c75091ec3810a42184afc80c96910f54e9dd2110e9ecb9902a5ee6c244b
jars/jline-terminal-jna-3.27.0.jar	73772	e7322e6d8dc1bd69f507b91865af741af4a95c649ccab36e79e8be89696bb432
jars/jmespath-java-1.12.772.jar	27590	458f17b2e1ef76b866d0e45c07fea60b4e848c16ded62dec148e45b685bc9834
jars/jna-5.14.0.jar	1878533	34ed1e1f27fa896bca50dbc4e99cf3732967cec387a7a0d5e3486c09673fe8c6
jars/jnr-a64asm-1.0.0.jar	86270	53ae5ea7fa5c284e8279aa348e7b9de4548b0cae10bfd058fa217c791875e4cf
jars/jnr-constants-0.10.4.jar	1579612	9a5b8cf9798d9d0331b8d8966c5235a22c4307676e35803a24659e6d76096f78
jars/jnr-enxio-0.16.jar	27586	675001ce11e8cfc8859d4dd72bc8de88d09d097989f6352dbbd08c0d55f23df0
jars/jnr-ffi-2.2.16.jar	730217	fdb7fae8c8be666734e236642e41e6434cf1519d4c8029d03c9a4e019f17ebc0
jars/jnr-netdb-1.2.0.jar	63112	24f54abd859979b6caabf4918b022c57fc0d3247def4bfe68e5a30172409fc3c
jars/jnr-posix-3.1.19.jar	281255	2d0a2567c3c34a6d7960d0970ec0b26bfd567bb242972e0fad5166957c6714cc
jars/jnr-unixsocket-0.17.jar	44804	9faf96cb7291af5caffdd51bc84daa91fbf68056c7bd9dec3a1010bd316fea3b
jars/jnr-x86asm-1.0.2.jar	219943	39f3675b910e6e9b93825f8284bec9f4ad3044cd20a6f7c8ff9e2f8695ebf21e
jars/joda-time-2.13.0.jar	639015	a9b450d96d90616f9fe5657a29385b4d0077f99f8bc80841f93e2545a3cd623e
jars/jogl-all-2.5.0.jar	3741453	245717cceabca264a210a899f8839d47bd127f50f80892ead2277dd89cbcd301
jars/joml-1.10.8.jar	778846	bf19510145178df82cd3bd37edd514c13f411531ec5545299fd3abcbc98fe7c2
jars/joni-2.2.1.jar	230217	b3e4b657a3ed1d8f684114f6baa462d553a5932a865c1574695498dda8577748
jars/jpedalSTD-2.80b11.jar	1469651	fa3e70497f8b1c8d439843b79b7ccf62800d4f72a2e53cb954c6c342f8fc335b
jars/jply-0.2.1.jar	57107	c62398ff7279dbab239127185316cbf654546dc3e025dc35257a02303dc23e51
jars/jruby-core-9.1.17.0.jar	9534389	0ee45099644690809fad8031942cb06e0455260187be2d27581634f8c72882b9
jars/jruby-stdlib-9.4.12.0.jar	17565816	efb56bc918fc426b98086e8b0a25015c61858dd2ad9b066c24921c6cb60cf63e
jars/jsch-0.1.55.jar	282591	d492b15a6d2ea3f1cc39c422c953c40c12289073dbe8360d98c0f6f9ec74fc44
jars/json-20240303.jar	78332	3cf6cd6892e32e2b4c1c39e0f52f5248a2f5b37646fdfbb79a66b46b618414ed
jars/jsoup-1.7.2.jar	293671	bdd2f2b281dae829915fbd1802c09269f7f5add5a886242eaa0d1ae362d329cc
jars/jsr166y-1.7.0.jar	59716	4d4e74532e81bc6a54e4cbda865999f4ab29885e850f0b835ea374800b84d0b2
jars/jsr305-3.0.2.jar	19936	766ad2a0783f2687962c8ad74ceecc38a28b9f72a2d085ee438b7813e928d0c7
jars/jtransforms-2.4.jar	498954	deaeb28fcb0df7e4401afdcf445254c77167ab0488d0c3e0de67266bddd22640
jars/jung-api-2.0.1.jar	40973	f5dca2c6a8e313a467a67c8131ad709f550799698cdd33bec26f32979a209550
jars/jung-graph-impl-2.0.1.jar	62328	9426fe626020aae1391a03a8976e6db670e523a8c2e971b3855fae523a7bc2bf
jars/JWlz-1.4.0.jar	117846	0662cfe9600c24cbef591e17f0bfbbbebbae8b0e8d83098735454a999166410f
jars/jython-shaded-0.0.0-STUB.jar	511	d717696fb04d3bf97a776081c0fd8a9936fbf57a315ba3aca010a749158b985c
jars/jython-slim-2.7.4.jar	15213524	c59a72c5d9b25a8630a6b476ede342988ea296731ba2e86ec3115106c649e6b9
jars/jzlib-1.1.3.jar	71976	89b1360f407381bf61fde411019d8cbd009ebb10cff715f3669017a031027560
jars/Kappa-2.0.0.jar	273210	735492fc23f35b1db30b40bfc8c895b9002eec780824d5d35ab872f74265f644
jars/kotlin-stdlib-1.9.22.jar	1718956	6abe146c27864138b874ccccfe5f534e3eb923c99a1b7b5d45494ee5694f3e0a
jars/kotlin-stdlib-common-1.8.22.jar	221491	d0c2365e2437ef70f34586d50f055743f79716bcfe65e4bc7239cdd2669ef7c5
jars/kotlin-stdlib-jdk7-1.8.22.jar	963	055f5cb24287fa106100995a7b47ab92126b81e832e875f5fa2cf0bd55693d0b
jars/kotlin-stdlib-jdk8-1.8.22.jar	969	4198b0eaf090a4f25b6f7e5a59581f4314ba8c9f6cd1d13ee9d348e65ed8f707
jars/kryo-5.6.0.jar	373882	ead0f39530d6f30d27791eeb81621f3d7445331a06c32b3302e0ebe9e04b3a5d
jars/KymographBuilder-3.0.0.jar	17686	37f31e4afb477b9a215b5e62921fc73ad9b49d7a38b03c14e02e0d935949c3d3
jars/labkit-pixel-classification-0.1.18.jar	335846	7a8bd1f6a270d6ea8f4675167d76abf8eeabd54d680aec38cffd5327da868252
jars/labkit-ui-0.4.0.jar	429076	5d3b774e9f2b94432131bd10887b5e1e307fa8013bf683ee02c88abc57e27127
jars/languagesupport-3.3.0.jar	1106264	939c332d88e11b9d8364a6dbdd791de26a467e70e01ffd5f420f4909e76f7608
jars/lapack-0.8.jar	960384	f01804debd3c87820daefcea3d6f33d660b331ab1793061966e2da45d0d6c33e
jars/legacy-imglib1-1.1.11.jar	863820	fe01ae0a24a7f69922e246880830421037c49875ffc4797eeadbaccf5b417f7b
jars/linux64/ffmpeg-6.1.1-1.5.10-linux-x86_64.jar	23992128	fba80d4007014f8879766e969172b85a5adad9eba217a2b360f416fce275d379
jars/linux64/gluegen-rt-2.5.0-natives-linux-amd64.jar	5395	6d998d0c1f04f103894b769049086124505063cea86a82896194bb53c88b040a
jars/linux64/jogl-all-2.5.0-natives-linux-amd64.jar	240065	e97850f290d8e44ba07fa0500d7a071ff444209099f0372df3dba707cba3ddc1
jars/listenablefuture-9999.0-empty-to-avoid-conflict-with-guava.jar	2199	b372a037d4230aa57fbeffdef30fd6123f9c0c2db85d0aced00c91b974f33f99
jars/log4j-0.0.0-STUB.jar	511	9b8b377cf085e0ebcd6e30921bc6a8871aef3d94481d96abb7970dd1ce7aaafb
jars/logback-classic-1.2.12.jar	231811	f65352bf627177e414c956a977a5851e7125e9f3a2e1a7847b2fa78182dc49fe
jars/logback-core-1.2.12.jar	448860	0cba0755fbdc1793f60dc9d1ef22337737899f4f28b485c42bcadacb73664b34
jars/lz4-java-1.9-inv.jar	796476	fbecf1b00eeba64806c23f99a9e4a00c2946a3220978bd14a716104f1f9afaad
jars/mapdb-0.0.0-STUB.jar	511	3a70c1ed96241939f28fe7f08dc520a8ebecbf9bd4a66484653a94e27ee60a1b
jars/markdownj-0.3.0-1.0.2b4.jar	40987	bf6fc818fd33723fd6ca7125d985b970b046f32d3fbdb13b621c7220c2699987
jars/maven-scm-api-1.4.jar	94421	8603b43b7f6cd3d11785acd9f2d507ab6bdccda5cbd2c316a23979e7822fe64f
jars/maven-scm-provider-svn-commons-1.4.jar	40066	dfce4e5f3e5273df241f1848eaa7c18d73de766f127d4a6b5727193c4c30d40d
jars/maven-scm-provider-svnexe-1.4.jar	69858	03580d8d7f8c0061bc784aaccdb9460c3dbd8a31c1944453fa30a98e2bd7d36d
jars/mbknor-jackson-jsonschema_2.12-1.0.34.jar	108637	e07cee18c080e3406dbfab666628ba8b682cd75e9f7d79904186b87624b46179
jars/metadata-extractor-2.19.0.jar	764623	e51bb454ed08ea2bfcc3ad147d088ad1aa73a999e0072563f8ae50021a2fcadb
jars/methods-0.8.1906.jar	1338906	71c188bff73e8874e1f594f1e3279495b2ae3fd700812f551b5ca92a6d20d5ea
jars/miglayout-core-5.3.jar	106949	cf3cb12d94b76c2f80c113977d0372d037784002943e566fcdac6b92d076935e
jars/miglayout-swing-5.3.jar	22576	ae384b680242234170de6b939bebf56effa40dd483477e13cd898104ba1e1de1
jars/mines-jtk-20151125.jar	2011420	21c7c16001b2360d42b8332775a5b621b8c66cafbc30f93a988864da8f059841
jars/minimaven-2.2.2.jar	59232	c7b3f068586208ca93c93cf48cfa8f6ff6bddd04fca51f849a9aaf04a4890b1e
jars/minio-5.0.2.jar	127821	5932993ea00702ae8baf0b54f6e068a81005467acf9223611006f75baa143dd1
jars/minlog-1.3.1.jar	5923	5d4d632cfbebfe0a7644501cc303570b691406181bee65e9916b921c767d7c72
jars/modulator-1.0.jar	4616	027520bb2fe031b10bf4760c4d71255089419b6d2bc29addadcfa7155db93767
jars/mpicbg-1.6.0.jar	352404	495f15ae1ffb5a927a5eb2c22d83a38ad113b4278de7d3e692c983734d2b52f7
jars/mtj-1.0.4.jar	268984	27a53db335bc6af524b30f97ec3fb4b6df65e7648d70e752447c7dd9bc4697c8
jars/multiverse-core-0.7.0.jar	246777	c54398f0228054b7fae65227433ae9da87e5b2a96eba824e66a924912d10fc50
jars/n5-3.5.1.jar	114183	c343cc5d897e269eedb79b8cca87451cd667065acff88f9d3522b099994cc40c
jars/n5-aws-s3-4.3.0.jar	21507	53c5054e2038b366cdd3e2209fc8fe1751f71b4bffe8eab96d9203c266403b3f
jars/n5-blosc-1.1.1.jar	6229	47bb02b834a2cc1dbdd02388dd0bad98eff0c5f9c5809b59f3fdaaf4e82a91df
jars/n5-google-cloud-5.1.0.jar	22100	b9a6383205f0691e3aa795da71b93743249a2d5fefcee895d23bb1e6932edc92
jars/n5-hdf5-2.2.1.jar	32434	996bf9ac6c8b686e07fc99d90e40fe5b18f01a0a9f21e66be8702923e6ac98d0
jars/n5-ij-4.4.1.jar	175860	9e6e29fdd131389671e2796eaf6a795585e05c2a36f65f266a56060042899090
jars/n5-imglib2-7.0.2.jar	71798	bf3603ce9534e5536c6fd0cf99e4f3f021875229de110190fdf16220437c11b7
jars/n5-universe-2.3.0.jar	345763	77213df5f36b26d0a73e419a8a547f5893956df30fbcafc02aa92d4805a9bef7
jars/n5-zarr-1.5.1.jar	60245	785145edb2e122645bcb583cf02c7a4f88b9a8b0ead967db96f8eb05bae3d8d9
jars/n5-zstandard-1.0.2.jar	6927	56c13f987cc8f060fb4ae50aea199a0ab785b32b087c6137073a8dd00229cf84
jars/nailgun-server-0.9.1.jar	32927	4518faa6bf4bd26fccdc4d85e1625dc679381a08d56872d8ad12151dda9cef25
jars/native-lib-loader-2.5.0.jar	20860	7ec0dcf847cabdd6487c4724c3cede107a46bdb6585a9dcb63f54c0276b04b40
jars/netcdf-0.0.0-STUB.jar	509	913c6808a41c621d684c08049bc6d121e11f509743bfd32d75ae77856b6cb83a
jars/netlib-java-0.9.3-renjin-patched-2.jar	604886	e041719896d27542f396ded1a9c216bf61002bb4d5eeb5a74089e32fa93de95b
jars/netty-buffer-4.1.73.Final.jar	302927	4e0db7b30fc07e2c0560f3cf561512f61f4e9ca14914a8a22966e2f563fdf3f2
jars/netty-codec-4.1.73.Final.jar	337170	b4bfca6b2411d3aa691069aa0971122ba091baaa6d26e0c8b060627436a1e04f
jars/netty-common-4.1.73.Final.jar	649516	1e141f7673269234316778f1ff8934e8c118827896f106e2c3324b9cd099484f
jars/netty-handler-4.1.73.Final.jar	522638	ad376f5a4aaf9da2e483a15c83d3f3a6b2ec5db5579fa0a7e0769be650533d8f
jars/netty-resolver-4.1.73.Final.jar	37776	e9a2ec622b9d968a564b13c11e647540eb8ce60851049abd0e60795e79b58a0a
jars/netty-tcnative-classes-2.0.46.Final.jar	33919	d3ec888dcc4ac7915bf88b417c5e04fd354f4311032a748a6882df09347eed9a
jars/netty-transport-4.1.73.Final.jar	478804	26e2208b0dcdf7a4d321d18c342fe16835c368c2b4dcf7c3c93891cd8c394499
jars/object-inspector-0.1.jar	25501	a3a40398ee86a602a88cd5d5c702973443ebce48c22630f7aa850e9a9a3b17b8
jars/objenesis-3.4.jar	49076	95488102feaf2e2858adf6b299353677dac6c15294006f8ed1c5556f8e3cd251
jars/ojalgo-45.1.1.jar	1763194	c7f075bae9585283eb6408cfc9fe724edc8013d28772b803dbd7a5a3488665f8
jars/okhttp-4.12.0.jar	789531	b1050081b14bb7a3a7e55a4d3ef01b5dcfabc453b4573a4fc019767191d5f4e0
jars/okio-3.9.1.jar	48109	99c8ebbc4995f29dd58b05d75583fcc8b957db21eeeb8c5d89733f0d34955897
jars/okio-jvm-3.9.1.jar	372276	fe6fe91378f9bfa7b08c3864828ce418005cf28acca12e8847eb65c565c37500
jars/OMEVisual-2.0.0.jar	21013	4a4dd3a9d48dd3389533182b85d85489578ebb4bd47fadce3885122f680fcb25
jars/opencsv-5.9.jar	240388	2023969b86ce968ad8ae549648ac587d141c19ae684a9a5c67c9105f37ab0d1c
jars/op-finder-0.1.4.jar	52969	63e959c5676b8cb246c6450ab29d4fbd8c8e39be3774c056a0465232ad9c4ea3
jars/options-1.4.jar	14188	7e1ac7036b75c9d66e5ae1931ca80724d3b49e93b8639d96ba5844b619984413
jars/pal-optimization-2.0.1.jar	44492	c50f73d30ea7b4b1bd991fb23c8096b2bb551c997b35c585300bf2423d06b3f1
jars/parsington-3.1.0.jar	47987	7943c91a1e62918ea47d0a08f6b5989a8b388e019216441002236528f769c72a
jars/perf4j-0.9.16.jar	123598	74f3cd5a0ea1cf3c150a8cfe7f76f844babbab16630ab731b805543827b83841
jars/perfmark-api-0.27.0.jar	6954	c7b478503ec524e55df19b424d46d27c8a68aeb801664fadd4f069b71f52d0f6
jars/picocli-4.7.6.jar	415723	ed441183f309b93f104ca9e071e314a4062a893184e18a3c7ad72ec9cba12ba0
jars/plexus-utils-4.0.2.jar	192537	8957274e75fe2c278b1428dd16a0daeee1dd38152cb6eff816177ac28fccb697
jars/postgresql-42.7.4.jar	1086687	188976721ead8e8627eb6d8389d500dccc0c9bebd885268a3047180274a6031e
jars/prettytime-4.0.1.Final.jar	118147	ef7098d973ae78b57d1a22dc37d3b8a771bf030301300e24055d676b6cdc5e75
jars/protobuf-java-4.28.2.jar	1840061	707bccf406f4fc61b841d4700daa8d3e84db8ab499ef3481a060fa6a0f06e627
jars/protobuf-java-util-4.28.2.jar	75564	3e8a8a267952449c6a1e9925df2b53ba40a4eeaa91b118e2597a2bd9e920565f
jars/proto-google-cloud-resourcemanager-v3-1.38.0.jar	892053	8c867fcf0f862270130234d24901a940bd80605f6b55a12257c088f770405454
jars/proto-google-cloud-storage-v2-2.34.0-alpha.jar	1012930	62f60526982c0063efbb37a8b499c31b86715e8a265cca0c5e4e3297436d700e
jars/proto-google-common-protos-2.45.1.jar	2672087	8b67033e6419b3810f2ee5afbb80ea2b34f1c3baa4e8f9e5b630320fb3607039
jars/proto-google-iam-v1-1.40.1.jar	174214	9e0cc98ed7939c4c915a7f545da2a773440d566f00922dfa00f619fe63f662a1
jars/re2j-1.7.jar	113826	4f657af51ab8bb0909bcc3eb40862d26125af8cbcf92aaaba595fed77f947bc0
jars/reactive-streams-1.0.3.jar	11369	1dee0481072d19c929b623e155e14d2f6085dc011529a0a0dbefc84cf571d865
jars/reflectasm-1.11.9.jar	72265	712b44da79a5b7f47a28cbfcb3d8ecfc872fae349c48aa4d3e38a5d69956afce
jars/regexp-1.3.jar	25429	27998732ecd5745924644f891f41adaf73736fe259a0a20843979452574f0385
jars/reload4j-1.2.25.jar	333325	e71115175c4b080cf51dd72097165ea001ff9fafdc4f79d88049d0b1ecca979c
jars/renjin-appl-0.8.1906.jar	23134	4661bbb7333fbb14d2fea50de3ecc8d04746769db053431986ae8ad3d6a60e29
jars/renjin-core-0.8.1906.jar	3211680	a57553f420381905c4aee2ca6ba23d2e61e4d937e0e6a32057eb5e847397ef56
jars/renjin-gnur-runtime-0.8.1906.jar	85644	d6f51b50237fbcfd6426b8605865d886d5e80a43a76eb776599e645e719573db
jars/renjin-script-engine-0.8.1906.jar	17452	cb8329d721d9583a176840427efdb6e77fed8765a1350eb233b6d6eea2a67477
jars/retrofit-2.9.0.jar	125435	e6ea1929c46852f5bec66ab3357da383476cef4e8d1deefdbf195b79cc4d6581
jars/rhino-1.7.14.jar	1383644	c9290b0d801bf0dbbbc44338e0f769b7650a0c5d04e6bb1aeb85775c0211b003
jars/rsyntaxtextarea-3.5.1.jar	1315310	1c7c65177ca15cde93d294bbe37ff5477b5ddb6e7b73017168f690542ab35bf4
jars/rxjava-2.0.0.jar	1926817	fa492356a24b8fde14e9b287c312e0914269d32f99bc673511909e94771c7b11
jars/scala3-compiler_3-3.3.0.jar	19181912	783cfb049fc762ecc49fd774197d0ca9f011cfb7aca17a81a2206c4b574c31a7
jars/scala3-interfaces-3.3.0.jar	3965	8bc0a975553be0a7d1e0f4dfb864553bdeb1ce03f86d0df8f6d5af09a0dba391
jars/scala3-library_3-3.3.0.jar	1266563	78add3aaa13701690b73fd90a13d1cae1da32565dedb379e65ade30a16973f6b
jars/scala-asm-9.4.0-scala-1.jar	320149	d55573711d63b6278443bc2fad577f63a3c60a2ee16633741a54ee202185fe95
jars/scala-library-2.13.10.jar	5949244	e6ca607c3fce03e8fa38af3374ce1f8bb098e316e8bf6f6d27331360feddb1c1
jars/scifio-0.46.0.jar	957312	49407662d97b1261551c983ed0cd60d915944a974e9e7afdc334d01e333ee76e
jars/scifio-bf-compat-4.1.1.jar	22428	5e8218dc252b2c0a230450b46a8c8a68069e0c4e8ca9ce33ef88187a6f998c4d
jars/scifio-cli-0.6.1.jar	36613	7f345269e77ebb5d53e56ff3ae58602590cf85dfd755dd79f95f42fae8839852
jars/scifio-hdf5-0.2.2.jar	30071	1bc9fe2591780846726087c1cfb3085b8cf93865c85a138d4b53ba3e6b8da5b0
jars/scifio-jai-imageio-1.1.1.jar	1007491	c7f7e4f714bfdc362112e0e457807fb06e5cf0d58c1af31ea12a5b0c95f89f19
jars/scifio-labeling-0.3.1.jar	15097	ea55f19a4949708bebaa3dee88853587e3ef5dc5c3b8a46fb2c0786d18d25b4e
jars/scifio-lifesci-0.9.0.jar	18163	f424019c5a38e14a9401dce6bdbac16840682d397da9854ac2f53b319125aa3c
jars/scifio-ome-xml-0.17.1.jar	56911	db1142cf340e352ff2d9c6c0271ec5889bb842e843f7d7309bfb49cf5c5a3a0d
jars/scijava-common-2.99.0.jar	952153	56c054cbb10be22206ddc78cdb447d491eafc8916ce5042f7a3bfa3e97edb0eb
jars/scijava-config-2.0.3.jar	6990	7e81837bfab7c804c676bb3985ed6968cf9f15b998915f47efb432dff562ef71
jars/scijava-io-http-0.3.0.jar	9920	a0d3e3b40f543e2baf9bd388b475e400081e02d4e093578af297e8466bc7beee
jars/scijava-listeners-1.0.0-beta-3.jar	9384	4bf7e3a963481eb5900197ef1e600831d0669bbff08a9537328d4fa9e1301a66
jars/scijava-optional-1.0.1.jar	7311	b719ebbdc3090fe9c6264cbcc70946777f769a198cf1bc36bbb6dd37a4675af6
jars/scijava-plot-0.2.0.jar	25349	3432f559ea20f7d5da20e38577dbc610ae1a992681a91f52c06b41dbe5e07f3b
jars/scijava-plugins-commands-0.2.5.jar	24221	1efc81c8d8660d28c0a5872f932e0ebed1acaed28e199161c88c5cd5902b9fed
jars/scijava-plugins-platforms-0.3.1.jar	9431	a452aa5fd789bd0f336174e5aa6faaae0efd7da0aa4e21439e8ab5f1d3f1312d
jars/scijava-plugins-text-markdown-0.1.3.jar	4362	cf3dfada0776689cc6a48f0e3bb46c00cdbafe120c5b2adf09bb1173227761cd
jars/scijava-plugins-text-plain-0.1.4.jar	4157	f40cd5edc18e1b80833a5e0699356468f7ffef18bde488a98f1a9327881caa1c
jars/scijava-search-3.0.0.jar	81718	1c7672b74534db1fdda9d4095b8205cf331543ca497bed54466a5840e3118e05
jars/scijava-table-1.0.2.jar	72516	a641ed85e6e5adbf922cbd5ef97f7150a7471fbc99c2e6c340148bc2aee25610
jars/scijava-ui-awt-0.1.7.jar	48165	b103b8ea0be62a3d12d11db53c1ab49e34a70d2ff55ab7e8cc57ca41a7fd7fc2
jars/scijava-ui-swing-1.0.3.jar	242110	d9c1a641805af507460076592d0ce643c34fde782f9e240aa5a3c8667bc7c9c1
jars/scijava-vecmath-1.6.0-scijava-2.jar	164203	9ff4ede53f0fd6e25dc32f8139640a14f7222bebaae45fc4bced6f51d797b8fd
jars/script-editor-1.1.0.jar	337885	feb7d7b6475b205d2bdef272f7ca86a41427d6668ae2217460fe9747e4e0c1ce
jars/script-editor-jython-1.1.0.jar	59865	7da1e149acc45233b5cbc10e5c326fa86e81588257009e613cef80fc2aa43349
jars/script-editor-scala-0.2.1.jar	24134	58dc1e5031cf2960790ed314ed1eb98836c0c3ed045a392b898aa5e89846fbf2
jars/scripting-beanshell-1.0.0.jar	7197	317c1b33ffe0a47148e01bcc5f18dbda6e2488e32b000748e10237727a048f51
jars/scripting-clojure-0.1.6.jar	9331	2cad1c887f6391723d1b08e71ce6e30c5a4a89fc50fa63964ab683cb123f6a3c
jars/scripting-groovy-1.0.0.jar	12621	502fb3aee07b04040dca99567ba153fd654c2645c89d7c55cb1d0ef29b3c9ffd
jars/scripting-java-0.4.1.jar	18949	22fbae158615d318e8841ea1f7306a95a88b1774d27844c1d29ed3be80bc379c
jars/scripting-javascript-1.0.0.jar	7590	6c8bd0d014c1ac0bdb82b12b20d33ac2ad6e18aa1b5255faaa5a113fc2cd7183
jars/scripting-jruby-0.3.1.jar	8057	b5c8ea694c47d69881296bf2005613e7bde1459bd63826e07954b65a0bec3c6e
jars/scripting-jython-1.0.1.jar	5842	2c61cfdcc3aa10bdc71a9ac7d82da14928d126a8f8b48390e41e642e6aa7deb5
jars/scripting-renjin-0.2.3.jar	7046	0086b568d78a60259f01dd156e776b5d87182532ec1069b06b563a47c0c96675
jars/scripting-scala-0.3.2.jar	42832	28495e62f44921a77a04dbca2fde92e0a351f40d8eafa7835bb5ebc88da1f63f
jars/serializer-2.7.2.jar	276420	e8f5b4340d3b12a0cfa44ac2db4be4e0639e479ae847df04c4ed8b521734bb4a
jars/service-0.14.0.jar	25718	2bdb05e444ac75258d5a0263937be9a7f5a9ffc71e1fc05507b5da3317e70b31
jars/slf4j-api-1.7.36.jar	41125	d3ef575e3e4979678dc01bf1dcce51021493b4d11fb7f1be8ad982877c16a1c0
jars/snakeyaml-2.3.jar	342152	63a76fe66b652360bd4c2c107e6f0258daa7d4bb492008ba8c26fcd230ff9146
jars/spim_data-2.3.5.jar	118839	5653e11f0018486422714a63c05800638c413d8a45c5965c3f6b4d8df11b9a7f
jars/sqlite-jdbc-3.49.1.0.jar	14317659	5c8609d2ca341deb8c6f71778974b5ba4995c7d32d7c7c89d9392a3e72c39291
jars/ST4-4.3.4.jar	251081	f927ac384c46d749f8b5ec68972a53aed21e00313509299616edb73bfa15ff33
jars/stats-0.8.1906.jar	759376	14e58e3988db3e6dde11eadbeaa50ec7473ca510ad4fc3378491f37727161b36
jars/swing-checkbox-tree-1.0.2.jar	8607	79694c92031253a585fac2fe7ebd4cfe6b740e436aab2c58e6b334f5c0a4e60d
jars/swing-worker-1.1.jar	12591	8367bc401d38d96ec987ef72502a310599552210dd60cb9e494b58a7c23be1ca
jars/swingx-1.6.1.jar	1389926	ad9e3577517e8b4d08ca58f637338ebed79ef8bd955b734600d95c8ad182840f
jars/T2-NIT-1.1.4.jar	1351980	80efd205a614aa49950b370dbac2b6156f10acf9e22ff32e94c626cc515e6da8
jars/T2-TreelineGraph-1.1.4.jar	7078	02a7a24712cf1709ad7fcae4eb3988012d37f2968909294fd9c9cfddf96c120e
jars/tasty-core_3-3.3.0.jar	73993	dc88fcb0fc4e766ac681e805ad2fbecfc485e6774d167e5cefdd764840d2f97c
jars/threetenbp-1.7.0.jar	514668	857917d2319a4e92dc1c5e3aeb75a0dac84445ed315e7ac3d82bb8d2b298977f
jars/TrackMate-7.14.0.jar	1642752	dcd5426ddc4f4bd159bb722b3b4fea977dfbb146c670b4fc53dec0eb4a14a87f
jars/trakem2-transform-1.0.1.jar	60198	09a54d23e788a6a25b3019c99a3dc73679f8d76794dba11b11bed44152e178fd
jars/trove4j-3.0.3.jar	2523218	3c8616203d61a12a7e3487e8b34f3c198c2b5ba9e90da0c7ea32d99cd4958012
jars/txw2-2.3.5.jar	72008	7d75ea1151367fb66287011d9941715f645922932554acba0c5ac3aec67fb01f
jars/udunits-4.3.18.jar	126892	e392cd6b1829b5726da183f4060b54931bd384ce02ada37517c8b740fa4c41df
jars/ui-behaviour-2.0.8.jar	131987	fe63ff433a9d9f365d27b1fe91fad76d19c90ddaceef89013c36354f56a01965
jars/unsafe-fences-1.0.jar	3329	16439ffe5fef90db4cd328481b8a60009c7560f54280077856480de8eea3158a
jars/util-interface-1.3.0.jar	2571	89028234b4621ac92761676a00e2e47598fcf5232a9bb994a7ed6dee94eb5aa2
jars/utils-0.8.1906.jar	394440	7e0910e7130aa21b6b437abc50adcfb4e2ff74e49e013133c7443f7e4471b435
jars/validation-api-2.0.1.Final.jar	93107	9873b46df1833c9ee8f5bc1ff6853375115dadd8897bcb5a0dffb5848835ee6c
jars/vecmath-1.7.2.jar	168277	f3e45824fc503d7469c5b02841dad4774358e1378688a6b6a38bb91e87d0b6d0
jars/VectorGraphics2D-0.13.jar	94027	1b1c6248f1e70c52b8e9c09873350185aad081e70f83649ef85571ff269a71a2
jars/VectorString-3.0.0.jar	46907	becb962111235db3710dd30fdd7db14f6f0f8ee8e551f07f729360c3633a0271
jars/VIB-lib-2.2.0.jar	636833	5c1a9f55c910b764b328c0468feda27b51f2ef4feca559154f741f698afd26d5
jars/weave_jy2java-2.1.1.jar	14466	6169b5a4d54bca2c9d0ac2fe6669770e847cb309d0a2f66e88e96f6d56fd457a
jars/weka-dev-3.9.6.jar	9779161	fddae1352375e1518d02ab6e6267e4ab1c9eb04ebc4c3072ea5e9ddd8092d870
jars/xalan-2.7.2.jar	3154938	a44bd80e82cb0f4cfac0dac8575746223802514e3cec9dc75235bc0de646af14
jars/xchart-3.5.4.jar	266705	3175b2e276ab4300fd341623f8337c7555946576fb7ec25b33064aca4eb2f57b
jars/xerbla-0.8.jar	935	e7069f99fda52b64c714c8d8ccf11d76d9dd903d419b4a38f15da891cf3739af
jars/xercesImpl-2.12.2.jar	1446149	6fc991829af1708d15aea50c66f0beadcd2cfeb6968e0b2f55c1b0909883fe16
jars/xml-apis-1.4.01.jar	220536	a840968176645684bb01aed376e067ab39614885f9eee44abe35a5f20ebe7fad
jars/xml-apis-ext-1.3.04.jar	85686	d0b4887dc34d57de49074a58affad439a013d0baffa1a8034f8ef2a5ea191646
jars/xmlgraphics-commons-2.9.jar	678189	2ebd333ab2a624514793c336e3af086608673286fe37ba1e639e0ac3e1b58be2
jars/xmlunit-1.5.jar	97665	b041399902889bef7fa489370d0e8f4d862812938beb14c88d93d250d464fb0d
jars/xmpcore-6.1.11.jar	142953	8f7033c579b99fa0d9d6ddcb9448875b5e4b577c350002278ce46997d678b737
jars/xpp3-1.1.4c.jar	120069	0341395a481bb887803957145a6a37879853dd625e9244c2ea2509d9bb7531b9
jars/xz-1.10.jar	168569	95c63c1a55b22dd6453890a419cc1a640f790bbf7d8ae82db1e30aefefb08888
jars/yecht-0.0.0-STUB.jar	511	9b8b377cf085e0ebcd6e30921bc6a8871aef3d94481d96abb7970dd1ce7aaafb
jars/zstd-jni-1.5.6-6.jar	7325504	1f85db623bf653860d10e13e7b1ca6609301f66994dc93784c92a66019516bb9
java/linux-amd64/zulu8.86.0.25-ca-fx-jdk8.0.452-linux_x64/ASSEMBLY_EXCEPTION	1522	a44eb7b5caf5534c6ef536b21edb40b4d6babf91bf97d9d45596868618b2c6fb
java/linux-amd64/zulu8.86.0.25-ca-fx-jdk8.0.452-linux_x64/bin/appletviewer	8952	cb26f28ecdae46db34f0c52e477ad5d058db8ef4889804c08192d31861481e32
java/linux-amd64/zulu8.86.0.25-ca-fx-jdk8.0.452-linux_x64/bin/clhsdb	8968	dad5b159936e5bf1807c69167d6a0224415bed9b62c3e7d651b8ae880daf953f
java/linux-amd64/zulu8.86.0.25-ca-fx-jdk8.0.452-linux_x64/bin/extcheck	8952	4acb9582a1febc82edd3dac5a623c81d7fb483976a848c4a944c64661d13adfb
java/linux-amd64/zulu8.86.0.25-ca-fx-jdk8.0.452-linux_x64/bin/hsdb	8960	cfe075397db42f5af1a8668b576441ba4ac779980de89a267c4047365e503063
java/linux-amd64/zulu8.86.0.25-ca-fx-jdk8.0.452-linux_x64/bin/idlj	8944	c9c07a61e99e19d20ebe5f7aae0f25c93619b3ffdbe8f2a33a173e92b0b9242a
java/linux-amd64/zulu8.86.0.25-ca-fx-jdk8.0.452-linux_x64/bin/jar	8944	352c4abc4e19207b411f54094462a5fde9511445603d017722d591204f540f4e
java/linux-amd64/zulu8.86.0.25-ca-fx-jdk8.0.452-linux_x64/bin/jarsigner	8952	aece9f3379ba570386f0c1084cd91ecb5be5336e8e713ad274d365bf4ce7c548
java/linux-amd64/zulu8.86.0.25-ca-fx-jdk8.0.452-linux_x64/bin/java	8824	47567a2cdbae1f6e1a74ad8c07bbd9b90cc7089e416812bc27a1ec4ea7c76140
java/linux-amd64/zulu8.86.0.25-ca-fx-jdk8.0.452-linux_x64/bin/javac	8944	0d7dca690e0f4238444b8cecb0e88b8e336120e953fb220d23ff94080e8be4bf
java/linux-amd64/zulu8.86.0.25-ca-fx-jdk8.0.452-linux_x64/bin/javadoc	8952	7c25533283ac47813516d8db2f8fbfa18de2e53aa192f1e54aee78bb3a5d7c40
java/linux-amd64/zulu8.86.0.25-ca-fx-jdk8.0.452-linux_x64/bin/javafxpackager	2293	05262841e7940a507b44a38865f38296cdd0fbaa23f1842688185df625c05104
java/linux-amd64/zulu8.86.0.25-ca-fx-jdk8.0.452-linux_x64/bin/javah	8944	0cc2e5c0502784779fe5ec1863f2b2d4b0b095b96eee55bd37f64523fd72dfa3
java/linux-amd64/zulu8.86.0.25-ca-fx-jdk8.0.452-linux_x64/bin/javap	8944	fb38dba7e53c7bdb7a72e3f45881a7ac8eb4709b170133d548e151c1736b02dd
java/linux-amd64/zulu8.86.0.25-ca-fx-jdk8.0.452-linux_x64/bin/javapackager	2293	05262841e7940a507b44a38865f38296cdd0fbaa23f1842688185df625c05104
java/linux-amd64/zulu8.86.0.25-ca-fx-jdk8.0.452-linux_x64/bin/java-rmi.cgi	2806	0385db7f1766b05060878fc55c3a87dbca19606fa0ccd42b5118bf75388f226b
java/linux-amd64/zulu8.86.0.25-ca-fx-jdk8.0.452-linux_x64/bin/jcmd	8944	3f8007a0e6679252a22875e149b2b574131782fafd0b15fd614ce23a56e774f2
java/linux-amd64/zulu8.86.0.25-ca-fx-jdk8.0.452-linux_x64/bin/jconsole	8976	b5d140a23dcdf50c32936d247598edda7b1da0d80db5fcfa3ed70ae5fa68a8dd
java/linux-amd64/zulu8.86.0.25-ca-fx-jdk8.0.452-linux_x64/bin/jdb	8960	3b2230e2f7831e07cdf81999b2125eaad5b1e67963d92890eac2117a7d62842e
java/linux-amd64/zulu8.86.0.25-ca-fx-jdk8.0.452-linux_x64/bin/jdeps	8944	cbf1b87e15276d3ac3e389dda69fc9776b60f0cee5d0390851789c79ef2ab7e8
java/linux-amd64/zulu8.86.0.25-ca-fx-jdk8.0.452-linux_x64/bin/jfr	8944	9c39946c54f9205451243305131d47b725800847c77486734e8a57644693c996
java/linux-amd64/zulu8.86.0.25-ca-fx-jdk8.0.452-linux_x64/bin/jhat	8944	5a99b47a8d8d8ca35f7cd7ec31b1115e4b0a152217bb15cf46e2f1ca2be786be
java/linux-amd64/zulu8.86.0.25-ca-fx-jdk8.0.452-linux_x64/bin/jinfo	8992	22de76a4aa728f173d1a2e850deb7a80015fbed82a7a01711390fd34a197bb6c
java/linux-amd64/zulu8.86.0.25-ca-fx-jdk8.0.452-linux_x64/bin/jjs	8944	5838138fccc8fcd08defab22a2aee7ba1cc453c97d94804b076ad6b696fecb49
java/linux-amd64/zulu8.86.0.25-ca-fx-jdk8.0.452-linux_x64/bin/jmap	8992	d7c03838426b1a2fad58220fa97b77366062871197a65e7db1ddb41b2ba91039
java/linux-amd64/zulu8.86.0.25-ca-fx-jdk8.0.452-linux_x64/bin/jps	8944	d6cb8819c1af07bc273e6ef08025a17ffa659eea273ccf47c7eba69f6e3e5911
java/linux-amd64/zulu8.86.0.25-ca-fx-jdk8.0.452-linux_x64/bin/jrunscript	8952	05684d36c8408c61482b8a2c5c61baf143228b17504a5df34c465fa52349f263
java/linux-amd64/zulu8.86.0.25-ca-fx-jdk8.0.452-linux_x64/bin/jsadebugd	8968	8f48ea16d6d04a68e497c29dc6234bce818add13eb613a3c75b80bca29644c32
java/linux-amd64/zulu8.86.0.25-ca-fx-jdk8.0.452-linux_x64/bin/jstack	9000	72ea368064182a24dd9b14316bb1410fab02b861e0553f5faf78f1ecb3235a04
java/linux-amd64/zulu8.86.0.25-ca-fx-jdk8.0.452-linux_x64/bin/jstat	8944	66be7f815958cdb869794c0a23491f83a5a5f54b271051b13c793af8e1bd147e
java/linux-amd64/zulu8.86.0.25-ca-fx-jdk8.0.452-linux_x64/bin/jstatd	8952	c880ed612266886c323ac8fe46d1a12325e17c0cc689fa52a6ca672bda39a28e
java/linux-amd64/zulu8.86.0.25-ca-fx-jdk8.0.452-linux_x64/bin/keytool	8952	35fa4fd9a97ff99a735a62c94e845a06f156b03892d984d1856a38c9f2775794
java/linux-amd64/zulu8.86.0.25-ca-fx-jdk8.0.452-linux_x64/bin/native2ascii	8952	393c74c19046078cbf127d518374f41d762fe8e3868471221e19003df4129770
java/linux-amd64/zulu8.86.0.25-ca-fx-jdk8.0.452-linux_x64/bin/orbd	9000	abb3980db6bab6fbae6ef69afc0c78197c0c8000303c7b9ed61816fca5742feb
java/linux-amd64/zulu8.86.0.25-ca-fx-jdk8.0.452-linux_x64/bin/pack200	8952	cfd4bb052044a2b353ac50454e186fa2c533bdf60fdc2277847d9d61186ccde8
java/linux-amd64/zulu8.86.0.25-ca-fx-jdk8.0.452-linux_x64/bin/policytool	8952	4b2a4f7104c61d8a4652ec41a009c6db6d30a25597815149fa2b754ef2d87118
java/linux-amd64/zulu8.86.0.25-ca-fx-jdk8.0.452-linux_x64/bin/rmic	8944	dce31ff59eb48fdeb584fe14f04a3a0a67f1935afa53deff3b582d50f0968ffe
java/linux-amd64/zulu8.86.0.25-ca-fx-jdk8.0.452-linux_x64/bin/rmid	8944	65bd180d4aaa0764314c34e8b7fc48f7a5c4e8c9426f812e002a58502ff2256d
java/linux-amd64/zulu8.86.0.25-ca-fx-jdk8.0.452-linux_x64/bin/rmiregistry	8952	6134b537d93fe981b27150a29d6a6fb73dc3001e7207232c85e91a4906c873f7
java/linux-amd64/zulu8.86.0.25-ca-fx-jdk8.0.452-linux_x64/bin/schemagen	8952	9af638d3118a238bba5857b43a7a2ba3e77b3efce84aa2b9d9511ab55314202e
java/linux-amd64/zulu8.86.0.25-ca-fx-jdk8.0.452-linux_x64/bin/serialver	8952	2cdb8dbf167a1ff6449180c27b15dd54be06420c1ece8d2ecb1b355a050fb494
java/linux-amd64/zulu8.86.0.25-ca-fx-jdk8.0.452-linux_x64/bin/servertool	8952	b67762e15d078d97393a0e9f89288ae8025077bbf2c265ac1833c57dc69eece5
java/linux-amd64/zulu8.86.0.25-ca-fx-jdk8.0.452-linux_x64/bin/tnameserv	9008	1a94ed04a1cab71f480987903fbaa9a7d0a224ede288e3c2a012ee98f27e4359
java/linux-amd64/zulu8.86.0.25-ca-fx-jdk8.0.452-linux_x64/bin/unpack200	191160	684cfdf04f125455a2d2cd132268ed21acb028bb0ad44bb6146578e74034537f
java/linux-amd64/zulu8.86.0.25-ca-fx-jdk8.0.452-linux_x64/bin/wsgen	8944	7c194c981166a6d4f998ba75cfc219a893ec84868ba9b863010e5f2c4b2590a9
java/linux-amd64/zulu8.86.0.25-ca-fx-jdk8.0.452-linux_x64/bin/wsimport	8952	23a7f173965064eca8a9103462b51b4e0696888e61465013353dd11f250dffa1
java/linux-amd64/zulu8.86.0.25-ca-fx-jdk8.0.452-linux_x64/bin/xjc	8944	cd427ce4db5954167aa2a03f44f6ad4da6299b41ef5396b1f37816ac3c87184e
java/linux-amd64/zulu8.86.0.25-ca-fx-jdk8.0.452-linux_x64/demo/jfc/CodePointIM/CodePointIM.jar	12668	3c59beaf010a786032a362087980668b0c5b95cc86396cfdb96535ae4406fba0
java/linux-amd64/zulu8.86.0.25-ca-fx-jdk8.0.452-linux_x64/demo/jfc/CodePointIM/README.html	3230	a21fb253f5ad6f06cb3be7540439d16b3d0d19b322dd7475d1c7b6e37cda044d
java/linux-amd64/zulu8.86.0.25-ca-fx-jdk8.0.452-linux_x64/demo/jfc/CodePointIM/README_ja.html	4499	3970f66c098f3b6758b4788a17a73a0fd6615bf11a5d5edae52e05ebd902600a
java/linux-amd64/zulu8.86.0.25-ca-fx-jdk8.0.452-linux_x64/demo/jfc/CodePointIM/README_zh_CN.html	3041	24d3ce1c116d3ca1964586e8975584b6e2017a0031321003fe595cbe337f3770
java/linux-amd64/zulu8.86.0.25-ca-fx-jdk8.0.452-linux_x64/demo/jfc/CodePointIM/src.zip	15270	6043421d7dc2cbc4ee67e18f6ae06c360b9148fbf336c3b2a4a78d3d27107c05
java/linux-amd64/zulu8.86.0.25-ca-fx-jdk8.0.452-linux_x64/demo/jfc/FileChooserDemo/FileChooserDemo.jar	20458	b42a11e3537b7764dddc371091a78836e763d90d6fd97351616f337551b00d06
java/linux-amd64/zulu8.86.0.25-ca-fx-jdk8.0.452-linux_x64/demo/jfc/FileChooserDemo/README.txt	586	224cbcc0d59b50973c37e8884f1f340d71918c17494632b093157ea7cf846cbe
java/linux-amd64/zulu8.86.0.25-ca-fx-jdk8.0.452-linux_x64/demo/jfc/FileChooserDemo/src.zip	15301	7ec899b3eacdeecfa9484bea5e3f1e4b3d498f0f433c1f3c74a242ce9d0ff780
java/linux-amd64/zulu8.86.0.25-ca-fx-jdk8.0.452-linux_x64/demo/jfc/Metalworks/Metalworks.jar	43872	1442052c9d6b2910a40364f8b36bc5d03d3b09f82e6bfc932a1fca1a0ab3f467
java/linux-amd64/zulu8.86.0.25-ca-fx-jdk8.0.452-linux_x64/demo/jfc/Metalworks/README.txt	2083	ca373951d7fb60e3d1f370349157c8abaaa8d5de8a54fd907a76f6266b38b404
java/linux-amd64/zulu8.86.0.25-ca-fx-jdk8.0.452-linux_x64/demo/jfc/Metalworks/src.zip	43428	52ce7c146c0ee5a449d4735770a4113426384d4622b3e5258d84debd4ab8d7f1
java/linux-amd64/zulu8.86.0.25-ca-fx-jdk8.0.452-linux_x64/demo/jfc/Notepad/Notepad.jar	36561	ebbe919f9611ce80ac9036704cfea7f3f580fb246db043c33376f8bce0ace262
java/linux-amd64/zulu8.86.0.25-ca-fx-jdk8.0.452-linux_x64/demo/jfc/Notepad/README.txt	356	939e0b5a172948c642990dea4b670bfed9abc632c9939870086c6628bd633db4
java/linux-amd64/zulu8.86.0.25-ca-fx-jdk8.0.452-linux_x64/demo/jfc/Notepad/src.zip	20703	26f20f5926e8b9e6ad108f2845ae2e2b8f276756fc3cdc697a2a2a2537b6c541
java/linux-amd64/zulu8.86.0.25-ca-fx-jdk8.0.452-linux_x64/demo/jfc/SampleTree/README.txt	952	6d2f3a4f541e90f22f0ed1b5aaf790e7728301fb8551991ec6ba0ff259b30f29
java/linux-amd64/zulu8.86.0.25-ca-fx-jdk8.0.452-linux_x64/demo/jfc/SampleTree/SampleTree.jar	19634	75e525701903af95776240d1334360e2642652e27b47b04c52d06f9cc8134b7a
java/linux-amd64/zulu8.86.0.25-ca-fx-jdk8.0.452-linux_x64/demo/jfc/SampleTree/src.zip	16510	a2deda24dbc582c407e64c566bd701fe04524d22e8435193314e51a2f03da53a
java/linux-amd64/zulu8.86.0.25-ca-fx-jdk8.0.452-linux_x64/demo/jfc/TableExample/README.txt	1718	52efaf14455455d048b307c346c1f5b3d26a4cd8f2174b679c253f490c26e469
java/linux-amd64/zulu8.86.0.25-ca-fx-jdk8.0.452-linux_x64/demo/jfc/TableExample/src.zip	25048	67f7085c889df0aec5ab7a45ae8db4cb730f68a80541bbd0806b019cced5d5ee
java/linux-amd64/zulu8.86.0.25-ca-fx-jdk8.0.452-linux_x64/demo/jfc/TableExample/TableExample.jar	26014	75419f22b72c123689407e34287ccc9d634b7a51de164601c454d6bbc40a348a
java/linux-amd64/zulu8.86.0.25-ca-fx-jdk8.0.452-linux_x64/demo/jfc/TransparentRuler/README.txt	362	d346b216485b1f6a1c56c30dd81056a733657a8df6abafac077457a07c6e6d4a
java/linux-amd64/zulu8.86.0.25-ca-fx-jdk8.0.452-linux_x64/demo/jfc/TransparentRuler/src.zip	4039	48f7a4c796eff218104e357b52a66796c346a9caf0039af00e8f5880a78f7e43
java/linux-amd64/zulu8.86.0.25-ca-fx-jdk8.0.452-linux_x64/demo/jfc/TransparentRuler/TransparentRuler.jar	7933	0ec84fe75875d330bd2ac298a80f10d99d0848ddb9c38ee8e39367af77240c1a
java/linux-amd64/zulu8.86.0.25-ca-fx-jdk8.0.452-linux_x64/demo/jpda/com/sun/tools/example/README	55	15cc6a7a6e4d00ab9060a6d5b1aea2a5b44570073560242d075da15972168bd8
java/linux-amd64/zulu8.86.0.25-ca-fx-jdk8.0.452-linux_x64/demo/jpda/examples.jar	324789	07045a4568cb523d9bc66eec8098646bbeec26763bb7d66b1b0f40b92d0adac7
java/linux-amd64/zulu8.86.0.25-ca-fx-jdk8.0.452-linux_x64/demo/jpda/src.zip	330515	61ad4edefc666b6f0ec8fe6c759aad1cd453c7148d66ad1550685cb5dabcb90f
java/linux-amd64/zulu8.86.0.25-ca-fx-jdk8.0.452-linux_x64/demo/jvmti/compiledMethodLoad/lib/libcompiledMethodLoad.so	105024	eb33f1aa13e515a7ce7771a4ff581874d2fd6918c82d083d4c399a0da7e45aec
java/linux-amd64/zulu8.86.0.25-ca-fx-jdk8.0.452-linux_x64/demo/jvmti/compiledMethodLoad/README.txt	1859	b61babb18886d0c1fb13cfea762d92b5a7e47f61e7177a2906b1f171c040d04d
java/linux-amd64/zulu8.86.0.25-ca-fx-jdk8.0.452-linux_x64/demo/jvmti/compiledMethodLoad/src.zip	11202	5173a63bf9219643614485ac845e0c9da08245fc16bdfa528ba4ec33610427f8
java/linux-amd64/zulu8.86.0.25-ca-fx-jdk8.0.452-linux_x64/demo/jvmti/gctest/lib/libgctest.so	100984	db873617bd236e82df49ee3104a443c22bb3c5bad45677114d6d45c7dc0da72e
java/linux-amd64/zulu8.86.0.25-ca-fx-jdk8.0.452-linux_x64/demo/jvmti/gctest/README.txt	2407	489c7d6dbcb32ab492a826651d9192b58c9f6546cda8cfd5c5408ac6d051b5e1
java/linux-amd64/zulu8.86.0.25-ca-fx-jdk8.0.452-linux_x64/demo/jvmti/gctest/src.zip	10897	82fc44155af294a8fd2bfe0b450f67f58cb1affa65b80599ff5780321ff39faa
java/linux-amd64/zulu8.86.0.25-ca-fx-jdk8.0.452-linux_x64/demo/jvmti/heapTracker/heapTracker.jar	15130	1e186452ac9caae7bc573c59a8f4c5c2cd013f3c89043af6bbf589631e9b890c
java/linux-amd64/zulu8.86.0.25-ca-fx-jdk8.0.452-linux_x64/demo/jvmti/heapTracker/lib/libheapTracker.so	250480	7dd359ce1e84ab7b3edee48b34d9e79e51b761c70acbdd46c66c6581ccc739df
java/linux-amd64/zulu8.86.0.25-ca-fx-jdk8.0.452-linux_x64/demo/jvmti/heapTracker/README.txt	1997	65411fd6d1cde0d3d985d9a1aaa81c5aa053d33a24a7e57083d288b9fa8496e2
java/linux-amd64/zulu8.86.0.25-ca-fx-jdk8.0.452-linux_x64/demo/jvmti/heapTracker/src.zip	38886	4b210203762732558cb17cb80b423b8ae648a3e2337e697c9f8ead9006cf4790
java/linux-amd64/zulu8.86.0.25-ca-fx-jdk8.0.452-linux_x64/demo/jvmti/heapViewer/lib/libheapViewer.so	103192	30c8ec54fb87659c12ea7c06e2dc3ab74a07ad1f21dae9434ff934b97c87c6b8
java/linux-amd64/zulu8.86.0.25-ca-fx-jdk8.0.452-linux_x64/demo/jvmti/heapViewer/README.txt	2380	36061c7db32e33e738a46427a0c4bf264951ba6f246e6fcd3fa33daffacea30b
java/linux-amd64/zulu8.86.0.25-ca-fx-jdk8.0.452-linux_x64/demo/jvmti/heapViewer/src.zip	11673	adf51c63fb71612dae80526e4cafaca7b3edf338410bcd8d05729543e43e53e9
java/linux-amd64/zulu8.86.0.25-ca-fx-jdk8.0.452-linux_x64/demo/jvmti/hprof/lib/libhprof.so	1560328	e57c78a134e829d1087307a54951d480583c8e946b5d711ee35cafd49480efd2
java/linux-amd64/zulu8.86.0.25-ca-fx-jdk8.0.452-linux_x64/demo/jvmti/hprof/README.txt	5581	bd59bb90affa888de1d1567ac592b1eb5c6d2e1027fbfcce704484d211f9347a
java/linux-amd64/zulu8.86.0.25-ca-fx-jdk8.0.452-linux_x64/demo/jvmti/hprof/src.zip	220469	e2907af9a863b73301c2023fdb3d419111835adb2d9a0405895e6857954ffc13
java/linux-amd64/zulu8.86.0.25-ca-fx-jdk8.0.452-linux_x64/demo/jvmti/index.html	12734	709e0edbfd84525bf0af52ad7c27ccc6a3af0a8f66439f3a4d4c21d611d6d648
java/linux-amd64/zulu8.86.0.25-ca-fx-jdk8.0.452-linux_x64/demo/jvmti/minst/lib/libminst.so	232280	d98c547172c024a6acec0a23d2a82fba442826e78f14d30c54884ff19dc56daa
java/linux-amd64/zulu8.86.0.25-ca-fx-jdk8.0.452-linux_x64/demo/jvmti/minst/minst.jar	11428	ae9df72a012d22d9d78c69af609a2a2a4d2297ba051e6adb5bd7b56e1f7ba41b
java/linux-amd64/zulu8.86.0.25-ca-fx-jdk8.0.452-linux_x64/demo/jvmti/minst/README.txt	2129	568c24815ab90c26bb62e163b3f9a3839ea98944bb2a3e4bff74b32fdbd10967
java/linux-amd64/zulu8.86.0.25-ca-fx-jdk8.0.452-linux_x64/demo/jvmti/minst/src.zip	35037	da2ab0e583526cdfef5f1adaf36707be47be323c7ed1e3c49e04751ba7e7c294
java/linux-amd64/zulu8.86.0.25-ca-fx-jdk8.0.452-linux_x64/demo/jvmti/mtrace/lib/libmtrace.so	245680	8d0ea4cf7b145a616023da0c57fe1ecb4498f43394aeaa8031cc0a4d37d2715e
java/linux-amd64/zulu8.86.0.25-ca-fx-jdk8.0.452-linux_x64/demo/jvmti/mtrace/mtrace.jar	13346	285f8c962869bbbe9aa6f58a25a0842353236e5dfb8455b485368ff2874514d9
java/linux-amd64/zulu8.86.0.25-ca-fx-jdk8.0.452-linux_x64/demo/jvmti/mtrace/README.txt	2243	079af311bfb31869c27dda71dcb1d5da42cbe337627fd24440c1c93264c3f29a
java/linux-amd64/zulu8.86.0.25-ca-fx-jdk8.0.452-linux_x64/demo/jvmti/mtrace/src.zip	37212	7024d127d6d91bb4460befe5c1849bac672249495b04e2498a392665c4a6f6fb
java/linux-amd64/zulu8.86.0.25-ca-fx-jdk8.0.452-linux_x64/demo/jvmti/versionCheck/lib/libversionCheck.so	94376	93e56b9e8db8dc393f10ffa57ada502dee17bf8409698c0d5a735253157bfa52
java/linux-amd64/zulu8.86.0.25-ca-fx-jdk8.0.452-linux_x64/demo/jvmti/versionCheck/README.txt	1907	ebaa9e405f0ce78eb9d8bdfc1d1d788b8bbe8d6d562a0f180f81d5578d634175
java/linux-amd64/zulu8.86.0.25-ca-fx-jdk8.0.452-linux_x64/demo/jvmti/versionCheck/src.zip	10255	5dca359de480be45ed332fc35453f35bc5c86fee15b89bd2e0b9506f745bef6c
java/linux-amd64/zulu8.86.0.25-ca-fx-jdk8.0.452-linux_x64/demo/jvmti/waiters/lib/libwaiters.so	894776	825626620169c4ee20c640b5da11f48c5e4aa996e0c02cfd9533e8a191a8c954
java/linux-amd64/zulu8.86.0.25-ca-fx-jdk8.0.452-linux_x64/demo/jvmti/waiters/README.txt	1912	468fe17d137fd990bb51f75860e8953a0eedd2ac0c106cf4caa4f39c1511dee5
java/linux-amd64/zulu8.86.0.25-ca-fx-jdk8.0.452-linux_x64/demo/jvmti/waiters/src.zip	20955	ca8508fe2a55b970e35881c176c2a022e59f1de0ade35206e485b8401d6ab16b
java/linux-amd64/zulu8.86.0.25-ca-fx-jdk8.0.452-linux_x64/demo/management/FullThreadDump/FullThreadDump.jar	9653	21fdf564b14e4ea3ba483937e34cfc5fac67de2af683be4e68981ab7a6bd4e52
java/linux-amd64/zulu8.86.0.25-ca-fx-jdk8.0.452-linux_x64/demo/management/FullThreadDump/README.txt	2019	899cee7228b94d82b92d4aba41a34e66394c0bd08c20dcb61043f1623cc5b557
java/linux-amd64/zulu8.86.0.25-ca-fx-jdk8.0.452-linux_x64/demo/management/FullThreadDump/src.zip	8351	674b6bddac3557ade9399100a1b660a9673f0d29000cbac4d3a9aaf08454c7f7
java/linux-amd64/zulu8.86.0.25-ca-fx-jdk8.0.452-linux_x64/demo/management/index.html	802	0d009775d9be6a7d97e2ffdcc04bd0c0e6f9607bcdf3bd52c82905679dcd4803
java/linux-amd64/zulu8.86.0.25-ca-fx-jdk8.0.452-linux_x64/demo/management/JTop/JTop.jar	11059	f685ed79c63a8bcce66c60c01be29f83db2927807e1e4b9eeebd720a29feb853
java/linux-amd64/zulu8.86.0.25-ca-fx-jdk8.0.452-linux_x64/demo/management/JTop/README.txt	2154	448a61647f74860dc1ab7e6468efb23fe67278a4fe1c837dc3b6d2ba6605710b
java/linux-amd64/zulu8.86.0.25-ca-fx-jdk8.0.452-linux_x64/demo/management/JTop/src.zip	8930	acb589e7002bbe2e004e4f9f3421de136918ae13b7d4cb046ae1f4533b0d0205
java/linux-amd64/zulu8.86.0.25-ca-fx-jdk8.0.452-linux_x64/demo/management/MemoryMonitor/MemoryMonitor.jar	11336	6ecb8f072c496a620d817db296521aa57f98aa93f841a598d1aae63794f11eb3
java/linux-amd64/zulu8.86.0.25-ca-fx-jdk8.0.452-linux_x64/demo/management/MemoryMonitor/README.txt	2226	b570e8568251c5d6fe1588916a1e4bc7797ffa73eeaad0e8b244caefff1fc82f
java/linux-amd64/zulu8.86.0.25-ca-fx-jdk8.0.452-linux_x64/demo/management/MemoryMonitor/src.zip	6531	8ddfbbf9a1770caf4b3bea8df89f8331770fdf7d74813335ad8afede2575f0f5
java/linux-amd64/zulu8.86.0.25-ca-fx-jdk8.0.452-linux_x64/demo/management/VerboseGC/README.txt	1360	8b6074132f18183584ff92066e4fca8842562cb9b94808db574338e9bf8d093a
java/linux-amd64/zulu8.86.0.25-ca-fx-jdk8.0.452-linux_x64/demo/management/VerboseGC/src.zip	5409	e240831edf88f7f5c0209195334f8b2a3476cee465e5a93b46803276aade6534
java/linux-amd64/zulu8.86.0.25-ca-fx-jdk8.0.452-linux_x64/demo/management/VerboseGC/VerboseGC.jar	5591	a440116bb7eff86ee85e6807f2f6e8da69df6d01baef2a5d1efecf60841172db
java/linux-amd64/zulu8.86.0.25-ca-fx-jdk8.0.452-linux_x64/demo/nbproject/jfc/FileChooserDemo/build.properties	407	6eadd8527561d368abd513d32f5bf1673454a498dddef6cebbfd0a51fc7406c8
java/linux-amd64/zulu8.86.0.25-ca-fx-jdk8.0.452-linux_x64/demo/nbproject/jfc/FileChooserDemo/build.xml	3575	ae3c54b9b1ff7b6fb04e9729f99bbd36378e8dad8855011c2dd2b4ae55cd511c
java/linux-amd64/zulu8.86.0.25-ca-fx-jdk8.0.452-linux_x64/demo/nbproject/jfc/FileChooserDemo/nbproject/file-targets.xml	2051	1f2c9d4987e7c8f49b27d38d7825b3ffb5c83b163866042ba376f7ef4af3668f
java/linux-amd64/zulu8.86.0.25-ca-fx-jdk8.0.452-linux_x64/demo/nbproject/jfc/FileChooserDemo/nbproject/jdk.xml	4218	5ab23acf89b98778b5885b46d500429e6906c4389cd4427d8d5bde6727bb6be3
java/linux-amd64/zulu8.86.0.25-ca-fx-jdk8.0.452-linux_x64/demo/nbproject/jfc/FileChooserDemo/nbproject/netbeans-targets.xml	3512	eed731caa9aa8d45ba871fe4d81b01e9ac90a749d8d37d8c58fe73432beb7691
java/linux-amd64/zulu8.86.0.25-ca-fx-jdk8.0.452-linux_x64/demo/nbproject/jfc/FileChooserDemo/nbproject/project.xml	7450	8a5f3e622282997d2c4652a72f76a98c0a8da97dedc36e6f876895f09fb7f1cc
java/linux-amd64/zulu8.86.0.25-ca-fx-jdk8.0.452-linux_x64/demo/nbproject/jfc/Font2DTest/build.properties	433	156690beeb3915e527f57974dcd6381b9fb8b11ae04cb5d3cc9ec2ca3a5c654a
java/linux-amd64/zulu8.86.0.25-ca-fx-jdk8.0.452-linux_x64/demo/nbproject/jfc/Font2DTest/build.xml	3874	656c17acae29c4f6f1cb3ee2ddbe79fbd367e1893f600193cbcc332f284449df
java/linux-amd64/zulu8.86.0.25-ca-fx-jdk8.0.452-linux_x64/demo/nbproject/jfc/Font2DTest/nbproject/file-targets.xml	2046	d8b5a53a6336de764ce1c73076856bc251d8ecaa11954de70c15493b7b6d039c
java/linux-amd64/zulu8.86.0.25-ca-fx-jdk8.0.452-linux_x64/demo/nbproject/jfc/Font2DTest/nbproject/jdk.xml	4218	5ab23acf89b98778b5885b46d500429e6906c4389cd4427d8d5bde6727bb6be3
java/linux-amd64/zulu8.86.0.25-ca-fx-jdk8.0.452-linux_x64/demo/nbproject/jfc/Font2DTest/nbproject/netbeans-targets.xml	3502	433de202f660f935f618fd51ae22cc6a768a2f1380b22231a5b0ba8b872b99a5
java/linux-amd64/zulu8.86.0.25-ca-fx-jdk8.0.452-linux_x64/demo/nbproject/jfc/Font2DTest/nbproject/project.xml	7746	271f981ba9b1b86514c553d1e90f726013d1e6709163dd7df3bf4656c3d1291b
java/linux-amd64/zulu8.86.0.25-ca-fx-jdk8.0.452-linux_x64/demo/nbproject/jfc/Metalworks/build.properties	392	c3b5dad5471fb91160b17c8ba94b9597c70718072bf5c7ec4596add03889fd12
java/linux-amd64/zulu8.86.0.25-ca-fx-jdk8.0.452-linux_x64/demo/nbproject/jfc/Metalworks/build.xml	3570	d025d3b0ff315e63a2213d6267db74434651a947d624156d206626e07d1443a2
java/linux-amd64/zulu8.86.0.25-ca-fx-jdk8.0.452-linux_x64/demo/nbproject/jfc/Metalworks/nbproject/file-targets.xml	2046	c2bc32fcb3e2bb363e288e9ed345c43c49a64c440cdc31fb6730659ac7e48075
java/linux-amd64/zulu8.86.0.25-ca-fx-jdk8.0.452-linux_x64/demo/nbproject/jfc/Metalworks/nbproject/jdk.xml	4218	5ab23acf89b98778b5885b46d500429e6906c4389cd4427d8d5bde6727bb6be3
java/linux-amd64/zulu8.86.0.25-ca-fx-jdk8.0.452-linux_x64/demo/nbproject/jfc/Metalworks/nbproject/netbeans-targets.xml	3502	8fbc99a2a2c7c6fd572f71cee5c9cff387988f94a84f02574056921b021ac319
java/linux-amd64/zulu8.86.0.25-ca-fx-jdk8.0.452-linux_x64/demo/nbproject/jfc/Metalworks/nbproject/project.xml	7445	378dc7c39d1d39db6cedc48f21731395ea9ea3aae0521e462e0864f1d5c85288
java/linux-amd64/zulu8.86.0.25-ca-fx-jdk8.0.452-linux_x64/demo/nbproject/jfc/Notepad/build.properties	383	2a5638d34f3b24ec787075123a446bb03c20ffb00377d5c1c299785a5f3f929b
java/linux-amd64/zulu8.86.0.25-ca-fx-jdk8.0.452-linux_x64/demo/nbproject/jfc/Notepad/build.xml	3567	ca9f673a0d10a1814126a978caabc349abd623f70bb5fc4a59c39169b8422a2b
java/linux-amd64/zulu8.86.0.25-ca-fx-jdk8.0.452-linux_x64/demo/nbproject/jfc/Notepad/nbproject/file-targets.xml	2043	a1407334c8808635b4c7c04a7f1811dfadc0e647b4d391f1d53290290d6e1bba
java/linux-amd64/zulu8.86.0.25-ca-fx-jdk8.0.452-linux_x64/demo/nbproject/jfc/Notepad/nbproject/jdk.xml	4218	5ab23acf89b98778b5885b46d500429e6906c4389cd4427d8d5bde6727bb6be3
java/linux-amd64/zulu8.86.0.25-ca-fx-jdk8.0.452-linux_x64/demo/nbproject/jfc/Notepad/nbproject/netbeans-targets.xml	3496	3443221fd2e571bcca388df666f5bc0774d8e2205c16fd3121f65b5041fb9916
java/linux-amd64/zulu8.86.0.25-ca-fx-jdk8.0.452-linux_x64/demo/nbproject/jfc/Notepad/nbproject/project.xml	7442	30ac99fdf624bdf49b50b63247de9a841837d1fde0a47e2ef8163d219135000f
java/linux-amd64/zulu8.86.0.25-ca-fx-jdk8.0.452-linux_x64/demo/nbproject/jfc/SampleTree/build.properties	392	ba0340f6ad6d18e0a0b0094adca0af2cdf770fe8e31ed4b363e0e884db5c6cfc
java/linux-amd64/zulu8.86.0.25-ca-fx-jdk8.0.452-linux_x64/demo/nbproject/jfc/SampleTree/build.xml	3570	bc397122476f3293a3e4e59fc8bb7f70a9b0506dd89dfe4d1444fb34e623165e
java/linux-amd64/zulu8.86.0.25-ca-fx-jdk8.0.452-linux_x64/demo/nbproject/jfc/SampleTree/nbproject/file-targets.xml	2046	35ed77965a96def17929d96ac572641f778adb4e714fa618fce8acf1383a31b0
java/linux-amd64/zulu8.86.0.25-ca-fx-jdk8.0.452-linux_x64/demo/nbproject/jfc/SampleTree/nbproject/jdk.xml	4218	5ab23acf89b98778b5885b46d500429e6906c4389cd4427d8d5bde6727bb6be3
java/linux-amd64/zulu8.86.0.25-ca-fx-jdk8.0.452-linux_x64/demo/nbproject/jfc/SampleTree/nbproject/netbeans-targets.xml	3502	d33ddc951d31811ef1367135da257cfdc1987bc5b2f9f5bb9638d6cd8b5cb84e
java/linux-amd64/zulu8.86.0.25-ca-fx-jdk8.0.452-linux_x64/demo/nbproject/jfc/SampleTree/nbproject/project.xml	7445	0a2e36ec9051977a56f3d0365d087794d8d6aa03a1a44aa92ecd6f259ebbc223
java/linux-amd64/zulu8.86.0.25-ca-fx-jdk8.0.452-linux_x64/demo/nbproject/jfc/SwingApplet/build.properties	427	7fa31b72f7ef520509f60fbf87be1176c762a3ce96516fd187dc0ffb57a88a9b
java/linux-amd64/zulu8.86.0.25-ca-fx-jdk8.0.452-linux_x64/demo/nbproject/jfc/SwingApplet/build.xml	3875	feb42a16eaefb53e305069e95443c706528b91c54d5354ada487affb4e8d9f19
java/linux-amd64/zulu8.86.0.25-ca-fx-jdk8.0.452-linux_x64/demo/nbproject/jfc/SwingApplet/nbproject/file-targets.xml	2047	8007351c96a7d751c4764ba28323e45a711330f187b6cb28c39aa3288ff438f1
java/linux-amd64/zulu8.86.0.25-ca-fx-jdk8.0.452-linux_x64/demo/nbproject/jfc/SwingApplet/nbproject/jdk.xml	4218	5ab23acf89b98778b5885b46d500429e6906c4389cd4427d8d5bde6727bb6be3
java/linux-amd64/zulu8.86.0.25-ca-fx-jdk8.0.452-linux_x64/demo/nbproject/jfc/SwingApplet/nbproject/netbeans-targets.xml	3504	28e39b0120afb4ae1dc3f7f69fb28e5788a6dfaa75321645465eb06f81cf33c4
java/linux-amd64/zulu8.86.0.25-ca-fx-jdk8.0.452-linux_x64/demo/nbproject/jfc/SwingApplet/nbproject/project.xml	7747	df2856dfc1718ec050ca2b8caf27934cc7a00a6daef0b89d43251e15b803831e
java/linux-amd64/zulu8.86.0.25-ca-fx-jdk8.0.452-linux_x64/demo/nbproject/jfc/TableExample/build.properties	398	94bc5a2cc029842cb62c9edcd22614c07cf5bdd96c933b898a9b8d034436dde0
java/linux-amd64/zulu8.86.0.25-ca-fx-jdk8.0.452-linux_x64/demo/nbproject/jfc/TableExample/build.xml	3572	7ec84f70f138a8767e7d29971491b3861167921cf5e1dc2227ece620bee8ddd8
java/linux-amd64/zulu8.86.0.25-ca-fx-jdk8.0.452-linux_x64/demo/nbproject/jfc/TableExample/nbproject/file-targets.xml	2048	ddeb3d7fd574daeed8fe2ec5bb5835146f63ed5c4cf587912fc76c6e70139296
java/linux-amd64/zulu8.86.0.25-ca-fx-jdk8.0.452-linux_x64/demo/nbproject/jfc/TableExample/nbproject/jdk.xml	4218	5ab23acf89b98778b5885b46d500429e6906c4389cd4427d8d5bde6727bb6be3
java/linux-amd64/zulu8.86.0.25-ca-fx-jdk8.0.452-linux_x64/demo/nbproject/jfc/TableExample/nbproject/netbeans-targets.xml	3506	b805c664512488407f0dcc012834c1972a13cff03e834117ef55b4b765e59ac5
java/linux-amd64/zulu8.86.0.25-ca-fx-jdk8.0.452-linux_x64/demo/nbproject/jfc/TableExample/nbproject/project.xml	7447	09c25072b17d74bc16fec2b58e195a580a0b36d31e84ac7c75b5f567601538c5
java/linux-amd64/zulu8.86.0.25-ca-fx-jdk8.0.452-linux_x64/demo/nbproject/jfc/TransparentRuler/build.properties	416	793bad3088a0be654e0fb0c1b14b05b71771578dfc13bf8e6464a77b11dcb1c4
java/linux-amd64/zulu8.86.0.25-ca-fx-jdk8.0.452-linux_x64/demo/nbproject/jfc/TransparentRuler/build.xml	3576	884fc201a315927e6c1dfae460ffb2357933df8ba6b62be845a01b45492ec0a2
java/linux-amd64/zulu8.86.0.25-ca-fx-jdk8.0.452-linux_x64/demo/nbproject/jfc/TransparentRuler/nbproject/file-targets.xml	2052	8b3bebb490fcab2d177d534422065cbc79e565c143feb06e891b01085b1b7125
java/linux-amd64/zulu8.86.0.25-ca-fx-jdk8.0.452-linux_x64/demo/nbproject/jfc/TransparentRuler/nbproject/jdk.xml	4218	25d32a1aa9511f1617b6d6bed5026afb3e9113a4893b1f800cbf670626d446cf
java/linux-amd64/zulu8.86.0.25-ca-fx-jdk8.0.452-linux_x64/demo/nbproject/jfc/TransparentRuler/nbproject/netbeans-targets.xml	3514	531c318c6b8d15b0a9c1f45b373c0cb5669251a4693f9d649ca3df9bddfa822d
java/linux-amd64/zulu8.86.0.25-ca-fx-jdk8.0.452-linux_x64/demo/nbproject/jfc/TransparentRuler/nbproject/project.xml	7451	d0f0da4901889bf9a9c3ddd85bc640dfa52b8201682b71db5f3f99e92aa2dff7
java/linux-amd64/zulu8.86.0.25-ca-fx-jdk8.0.452-linux_x64/demo/nbproject/management/FullThreadDump/build.properties	411	fc00853e61cefc1006b541da3b89762bdca2deed328ef252b8fac9c8ee0777be
java/linux-amd64/zulu8.86.0.25-ca-fx-jdk8.0.452-linux_x64/demo/nbproject/management/FullThreadDump/build.xml	3574	9f1f85e7717d2d5c25896d0cc2acb964d5054656c077f6562bd53842d539e0ec
java/linux-amd64/zulu8.86.0.25-ca-fx-jdk8.0.452-linux_x64/demo/nbproject/management/FullThreadDump/nbproject/file-targets.xml	2050	cfb6a71bbf2ffb0fdf27fd793f1a6a43a1f4bcfe8e479da9f760b22cb7fe9bf8
java/linux-amd64/zulu8.86.0.25-ca-fx-jdk8.0.452-linux_x64/demo/nbproject/management/FullThreadDump/nbproject/jdk.xml	4218	5ab23acf89b98778b5885b46d500429e6906c4389cd4427d8d5bde6727bb6be3
java/linux-amd64/zulu8.86.0.25-ca-fx-jdk8.0.452-linux_x64/demo/nbproject/management/FullThreadDump/nbproject/netbeans-targets.xml	3510	92c5571b1e45825524eb1302a30c9bb1b1f26a8a795ded765dd2a1a4ad0027a0
java/linux-amd64/zulu8.86.0.25-ca-fx-jdk8.0.452-linux_x64/demo/nbproject/management/FullThreadDump/nbproject/project.xml	7449	592f41e24196bccee61cdd52afe48c7abe0d2de07e97b3432eacf13e44210fbb
java/linux-amd64/zulu8.86.0.25-ca-fx-jdk8.0.452-linux_x64/demo/nbproject/management/JTop/build.properties	411	20e3574f149a9ec63d0ad1de1df27b602d793f356dac4832441b5a9173b35c41
java/linux-amd64/zulu8.86.0.25-ca-fx-jdk8.0.452-linux_x64/demo/nbproject/management/JTop/build.xml	3564	32f847c3740b8e48dd939b87d0bbd63c858c9e3778c8745a9468d71c39f78f8d
java/linux-amd64/zulu8.86.0.25-ca-fx-jdk8.0.452-linux_x64/demo/nbproject/management/JTop/nbproject/file-targets.xml	2040	27510c415c29f435ad2903166e940d799932a526fb8b847db252ffe8d04239bb
java/linux-amd64/zulu8.86.0.25-ca-fx-jdk8.0.452-linux_x64/demo/nbproject/management/JTop/nbproject/jdk.xml	4218	5ab23acf89b98778b5885b46d500429e6906c4389cd4427d8d5bde6727bb6be3
java/linux-amd64/zulu8.86.0.25-ca-fx-jdk8.0.452-linux_x64/demo/nbproject/management/JTop/nbproject/netbeans-targets.xml	3490	91c7b0e9cc78347dbf48e949d5835768f08c99011dc5e76f821134756e37c5cc
java/linux-amd64/zulu8.86.0.25-ca-fx-jdk8.0.452-linux_x64/demo/nbproject/management/JTop/nbproject/project.xml	7439	fab2ddc7de844f970c0da99e30c4f30c11a7f33f7f8455239529d9053ad6e6ce
java/linux-amd64/zulu8.86.0.25-ca-fx-jdk8.0.452-linux_x64/demo/nbproject/management/MemoryMonitor/build.properties	408	1108e2c1f4ebb485c8e713fe1bc3a2f8133fccf838cee7f9a70ca56c3db8e3d5
java/linux-amd64/zulu8.86.0.25-ca-fx-jdk8.0.452-linux_x64/demo/nbproject/management/MemoryMonitor/build.xml	3573	4dc11b6e4aeb79c756a5ccc8b911f0cbf78a2150999c39bce7e5de41677ebde5
java/linux-amd64/zulu8.86.0.25-ca-fx-jdk8.0.452-linux_x64/demo/nbproject/management/MemoryMonitor/nbproject/file-targets.xml	2049	a02ab3ee8eaa0c7cd7f96b7aa4397927e68eb61388f0873e581d58bc8f8372a3
java/linux-amd64/zulu8.86.0.25-ca-fx-jdk8.0.452-linux_x64/demo/nbproject/management/MemoryMonitor/nbproject/jdk.xml	4218	5ab23acf89b98778b5885b46d500429e6906c4389cd4427d8d5bde6727bb6be3
java/linux-amd64/zulu8.86.0.25-ca-fx-jdk8.0.452-linux_x64/demo/nbproject/management/MemoryMonitor/nbproject/netbeans-targets.xml	3508	142a84c2d68e29633291ca77c7ba1a990775a9f07146287772253faa579d907f
java/linux-amd64/zulu8.86.0.25-ca-fx-jdk8.0.452-linux_x64/demo/nbproject/management/MemoryMonitor/nbproject/project.xml	7448	121669547a208baf315f0b646f19854d4dd46f2ee7f0cea2501a9793ca95dc8a
java/linux-amd64/zulu8.86.0.25-ca-fx-jdk8.0.452-linux_x64/demo/nbproject/management/VerboseGC/build.properties	396	8bcf038e1dee0f567b4e3a8b70b969bee010fc01ca0632f4272da204690d12f6
java/linux-amd64/zulu8.86.0.25-ca-fx-jdk8.0.452-linux_x64/demo/nbproject/management/VerboseGC/build.xml	3569	ff3ee8520dadeee5371261d70ecdd4c169182d9dd2b7f706c94f57b389488007
java/linux-amd64/zulu8.86.0.25-ca-fx-jdk8.0.452-linux_x64/demo/nbproject/management/VerboseGC/nbproject/file-targets.xml	2045	ee51c8d48c61c740f29bbad51d4f97fc34c6eb954f9d96b77db7a1c981256129
java/linux-amd64/zulu8.86.0.25-ca-fx-jdk8.0.452-linux_x64/demo/nbproject/management/VerboseGC/nbproject/jdk.xml	4218	5ab23acf89b98778b5885b46d500429e6906c4389cd4427d8d5bde6727bb6be3
java/linux-amd64/zulu8.86.0.25-ca-fx-jdk8.0.452-linux_x64/demo/nbproject/management/VerboseGC/nbproject/netbeans-targets.xml	3500	f482f35f43a620b5cc259edd9fd21921bbdf96c234be01df11f3771ac0101320
java/linux-amd64/zulu8.86.0.25-ca-fx-jdk8.0.452-linux_x64/demo/nbproject/management/VerboseGC/nbproject/project.xml	7444	cbd01adb82a497866ac602867cea00068a59139267b2ed665f46f514b3be6d25
java/linux-amd64/zulu8.86.0.25-ca-fx-jdk8.0.452-linux_x64/demo/nbproject/project.xml	3002	aa89e750727fc85c87149f6a1d0d3ee78779c5525440df11e61bd5531ef13ff8
java/linux-amd64/zulu8.86.0.25-ca-fx-jdk8.0.452-linux_x64/demo/nbproject/README.txt	1291	46c830eacd3128a41c3e0f086acbbd3faecf2e1388bc23cdc43179ef364c7384
java/linux-amd64/zulu8.86.0.25-ca-fx-jdk8.0.452-linux_x64/demo/nbproject/scripting/jconsole-plugin/build.properties	444	d3b25dcf80740ec8911121560046a091e23a9035f1c2014ba7410a30f6200b63
java/linux-amd64/zulu8.86.0.25-ca-fx-jdk8.0.452-linux_x64/demo/nbproject/scripting/jconsole-plugin/build.xml	3803	81125b166b6721839160af70ea46c3ce9310335cbe9838b4c1ad3b12c768f352
java/linux-amd64/zulu8.86.0.25-ca-fx-jdk8.0.452-linux_x64/demo/nbproject/scripting/jconsole-plugin/nbproject/file-targets.xml	2051	e805896682c38302a275a5148a64b0d91618cc5d5e5807374af3a4ff4d541327
java/linux-amd64/zulu8.86.0.25-ca-fx-jdk8.0.452-linux_x64/demo/nbproject/scripting/jconsole-plugin/nbproject/jdk.xml	4302	6424ec56b4ac871d6ed374432072dab6c41401bc9ccb45b71e7264e853cf0f51
java/linux-amd64/zulu8.86.0.25-ca-fx-jdk8.0.452-linux_x64/demo/nbproject/scripting/jconsole-plugin/nbproject/netbeans-targets.xml	3512	439bf5a86e26c06ecdf1984413e96fdd0aa61f75dac10a0d0efd3bea874335cc
java/linux-amd64/zulu8.86.0.25-ca-fx-jdk8.0.452-linux_x64/demo/nbproject/scripting/jconsole-plugin/nbproject/project.xml	6191	99020a2b2035dbce37d7d026d5eb1006e0fe1bfadac9cabd5060d995832140fb
java/linux-amd64/zulu8.86.0.25-ca-fx-jdk8.0.452-linux_x64/demo/nio/zipfs/Demo.java	27002	491954ea46550046077161a08162ddca6cef6a16746d561355daba803c38843c
java/linux-amd64/zulu8.86.0.25-ca-fx-jdk8.0.452-linux_x64/demo/nio/zipfs/README.txt	835	1ce694dc7fe37f8626f38737aee1e1d021486cc74bc8a625f98534f8bee09783
java/linux-amd64/zulu8.86.0.25-ca-fx-jdk8.0.452-linux_x64/demo/nio/zipfs/src.zip	54025	974679384afb6b7ea779cb9ecf9b6616cd2903e0e2f16f85bd4b0beb2f386ebf
java/linux-amd64/zulu8.86.0.25-ca-fx-jdk8.0.452-linux_x64/demo/nio/zipfs/zipfs.jar	72089	1a5d9e0d79d63521ebc2c65f5704d07b0b84ccf3718e727c9649a72336ffc364
java/linux-amd64/zulu8.86.0.25-ca-fx-jdk8.0.452-linux_x64/demo/README	680	f1fe9cc011c4c23e23750f48688fb7ca6c9346858146da2b0a3aae06391521b6
java/linux-amd64/zulu8.86.0.25-ca-fx-jdk8.0.452-linux_x64/demo/scripting/jconsole-plugin/build.xml	3212	d823d07f983f2ae1fa0332d1c5d248b337f148f0269eca5a7a83c4e67bdfba62
java/linux-amd64/zulu8.86.0.25-ca-fx-jdk8.0.452-linux_x64/demo/scripting/jconsole-plugin/jconsole-plugin.jar	31274	85ba0d6707e0dbc5efa5df54cdbbaf5921bb744577660d0ca38f655f12fd7dcf
java/linux-amd64/zulu8.86.0.25-ca-fx-jdk8.0.452-linux_x64/demo/scripting/jconsole-plugin/README.txt	2544	841afbf96c296e9c7afcb2fae5c5afad13add6fefc970a6a5eb83635fc9a214e
java/linux-amd64/zulu8.86.0.25-ca-fx-jdk8.0.452-linux_x64/demo/scripting/jconsole-plugin/src.zip	28672	e241ad1c2dcf08e30739d92a930f72fd94c6cf136928bd16119a5b924512b62a
java/linux-amd64/zulu8.86.0.25-ca-fx-jdk8.0.452-linux_x64/DISCLAIMER	2758	25d1a025fd194f671fbff4b855a744c2cb902330856878ee3615575b8c2d8b04
java/linux-amd64/zulu8.86.0.25-ca-fx-jdk8.0.452-linux_x64/include/classfile_constants.h	21125	daa3c90d62edef8827a210b2f61304083ac9625ee23f077174303c78fa733674
java/linux-amd64/zulu8.86.0.25-ca-fx-jdk8.0.452-linux_x64/include/jawt.h	9687	48c4dcd5b555f866624c32f34eb8348f2f1ac4d49550252483003106fdfb947b
java/linux-amd64/zulu8.86.0.25-ca-fx-jdk8.0.452-linux_x64/include/jdwpTransport.h	7404	43c7b6962d7a1de8eabd0fdcd92b27190e1dba4a983c7ebf3f22a5af4ddc6f3d
java/linux-amd64/zulu8.86.0.25-ca-fx-jdk8.0.452-linux_x64/include/jni.h	74698	ed99792df48670072b78028faf704a8dcb6868fe140ccc7eced9b01dfa62fef4
java/linux-amd64/zulu8.86.0.25-ca-fx-jdk8.0.452-linux_x64/include/jvmticmlr.h	4771	6ee3e52d24bdb4f4d0312dfbab3d47bd524cbdac5540a4d790cac0620c59b3c8
java/linux-amd64/zulu8.86.0.25-ca-fx-jdk8.0.452-linux_x64/include/jvmti.h	78425	205725ea21b4606039de36fc85b2781621bf3aa5b3487e35ba67cc4e432d37b4
java/linux-amd64/zulu8.86.0.25-ca-fx-jdk8.0.452-linux_x64/include/linux/jawt_md.h	1992	964f1f0f9e46de3f9f1dfd26bc3b871109407b9fd0b323a823d6e3dace2196f4
java/linux-amd64/zulu8.86.0.25-ca-fx-jdk8.0.452-linux_x64/include/linux/jni_md.h	1821	ecbe6944fe1a4290644d5a6b3c8f68576798a53b9da12cd31c58c48569595ff7
java/linux-amd64/zulu8.86.0.25-ca-fx-jdk8.0.452-linux_x64/jre/ASSEMBLY_EXCEPTION	1522	a44eb7b5caf5534c6ef536b21edb40b4d6babf91bf97d9d45596868618b2c6fb
java/linux-amd64/zulu8.86.0.25-ca-fx-jdk8.0.452-linux_x64/jre/bin/java	8824	47567a2cdbae1f6e1a74ad8c07bbd9b90cc7089e416812bc27a1ec4ea7c76140
java/linux-amd64/zulu8.86.0.25-ca-fx-jdk8.0.452-linux_x64/jre/bin/jfr	8944	9c39946c54f9205451243305131d47b725800847c77486734e8a57644693c996
java/linux-amd64/zulu8.86.0.25-ca-fx-jdk8.0.452-linux_x64/jre/bin/jjs	8944	5838138fccc8fcd08defab22a2aee7ba1cc453c97d94804b076ad6b696fecb49
java/linux-amd64/zulu8.86.0.25-ca-fx-jdk8.0.452-linux_x64/jre/bin/keytool	8952	35fa4fd9a97ff99a735a62c94e845a06f156b03892d984d1856a38c9f2775794
java/linux-amd64/zulu8.86.0.25-ca-fx-jdk8.0.452-linux_x64/jre/bin/orbd	9000	abb3980db6bab6fbae6ef69afc0c78197c0c8000303c7b9ed61816fca5742feb
java/linux-amd64/zulu8.86.0.25-ca-fx-jdk8.0.452-linux_x64/jre/bin/pack200	8952	cfd4bb052044a2b353ac50454e186fa2c533bdf60fdc2277847d9d61186ccde8
java/linux-amd64/zulu8.86.0.25-ca-fx-jdk8.0.452-linux_x64/jre/bin/policytool	8952	4b2a4f7104c61d8a4652ec41a009c6db6d30a25597815149fa2b754ef2d87118
java/linux-amd64/zulu8.86.0.25-ca-fx-jdk8.0.452-linux_x64/jre/bin/rmid	8944	65bd180d4aaa0764314c34e8b7fc48f7a5c4e8c9426f812e002a58502ff2256d
java/linux-amd64/zulu8.86.0.25-ca-fx-jdk8.0.452-linux_x64/jre/bin/rmiregistry	8952	6134b537d93fe981b27150a29d6a6fb73dc3001e7207232c85e91a4906c873f7
java/linux-amd64/zulu8.86.0.25-ca-fx-jdk8.0.452-linux_x64/jre/bin/servertool	8952	b67762e15d078d97393a0e9f89288ae8025077bbf2c265ac1833c57dc69eece5
java/linux-amd64/zulu8.86.0.25-ca-fx-jdk8.0.452-linux_x64/jre/bin/tnameserv	9008	1a94ed04a1cab71f480987903fbaa9a7d0a224ede288e3c2a012ee98f27e4359
java/linux-amd64/zulu8.86.0.25-ca-fx-jdk8.0.452-linux_x64/jre/bin/unpack200	191160	684cfdf04f125455a2d2cd132268ed21acb028bb0ad44bb6146578e74034537f
java/linux-amd64/zulu8.86.0.25-ca-fx-jdk8.0.452-linux_x64/jre/lib/amd64/jli/libjli.so	112432	838d38b3073f85457260fd184256a471710afda3e0347f72136d9fd1dc138d4c
java/linux-amd64/zulu8.86.0.25-ca-fx-jdk8.0.452-linux_x64/jre/lib/amd64/jvm.cfg	1624	f9ed38bb539d79eaf4e852157294c9609bad856c1269aa7134b15f3557dfad00
java/linux-amd64/zulu8.86.0.25-ca-fx-jdk8.0.452-linux_x64/jre/lib/amd64/libattach.so	18888	9e6b5b3d331a3e7df78517ec0c098180e2897ead7adae53c0856cea1241baf01
java/linux-amd64/zulu8.86.0.25-ca-fx-jdk8.0.452-linux_x64/jre/lib/amd64/libavplugin-53.so	55416	6a252df00fb9b3b2e1e12ed03accea01b5922289490da18cce82de7598f55deb
java/linux-amd64/zulu8.86.0.25-ca-fx-jdk8.0.452-linux_x64/jre/lib/amd64/libavplugin-54.so	59600	8684942c78efba363a934a1fed8d6edc04e99ab69e89a3c054f5731e7056791b
java/linux-amd64/zulu8.86.0.25-ca-fx-jdk8.0.452-linux_x64/jre/lib/amd64/libavplugin-55.so	59616	984173b2129707737e37f45067d50a0c48888f82364263ae41413e0da59984fb
java/linux-amd64/zulu8.86.0.25-ca-fx-jdk8.0.452-linux_x64/jre/lib/amd64/libavplugin-56.so	59616	b4ed5ffc019861820e03193e9ebc378eff92ecebe897e4be8cfd5f3218f002db
java/linux-amd64/zulu8.86.0.25-ca-fx-jdk8.0.452-linux_x64/jre/lib/amd64/libavplugin-57.so	59616	22db3db910ecb8dc31f5e655cc00dbf0fc7f4b6f40f043a693d5bd886b51dea5
java/linux-amd64/zulu8.86.0.25-ca-fx-jdk8.0.452-linux_x64/jre/lib/amd64/libavplugin-ffmpeg-56.so	59752	103a1d045ac03d65f18bec444dae784ff452e8a86a5244a22afb54ddbf6e319e
java/linux-amd64/zulu8.86.0.25-ca-fx-jdk8.0.452-linux_x64/jre/lib/amd64/libavplugin-ffmpeg-57.so	59616	956705bfa849f23180d2cce5d69b2bcd97051f5d0121411164e6ef7b01e28d2c
java/linux-amd64/zulu8.86.0.25-ca-fx-jdk8.0.452-linux_x64/jre/lib/amd64/libavplugin-ffmpeg-58.so	59616	8161b1afe15ae084eec06a9e18befefae038b07d86c54727eba2f36611157d22
java/linux-amd64/zulu8.86.0.25-ca-fx-jdk8.0.452-linux_x64/jre/lib/amd64/libavplugin-ffmpeg-59.so	59464	4a6ce8441f4751411547a8a49ce92144747936ad9688fc3b349b646bf6d91b59
java/linux-amd64/zulu8.86.0.25-ca-fx-jdk8.0.452-linux_x64/jre/lib/amd64/libavplugin-ffmpeg-60.so	59464	19d26ebe7b8ae4e262e7692be3774707b094f7bd657511dd1509f15f0db3413f
java/linux-amd64/zulu8.86.0.25-ca-fx-jdk8.0.452-linux_x64/jre/lib/amd64/libavplugin-ffmpeg-61.so	59464	3dd26a0b58d172300a426880b262cbd2f84f78c74c24890ff4a7f4d2880c04b4
java/linux-amd64/zulu8.86.0.25-ca-fx-jdk8.0.452-linux_x64/jre/lib/amd64/libawt_headless.so	39304	1f57cd4b3c5fed34e2ae5c01468797449a42bec47a39289dbe84fae767315b0f
java/linux-amd64/zulu8.86.0.25-ca-fx-jdk8.0.452-linux_x64/jre/lib/amd64/libawt.so	788480	c43c5ec73c06887e44b42647a5458bafb4a9f71870a722b4dd9c9edb18eefaa2
java/linux-amd64/zulu8.86.0.25-ca-fx-jdk8.0.452-linux_x64/jre/lib/amd64/libawt_xawt.so	481952	a54c5f07928561f554d7cc80d040acab01fa63400f1339b5b7c425f94a6c945e
java/linux-amd64/zulu8.86.0.25-ca-fx-jdk8.0.452-linux_x64/jre/lib/amd64/libdecora_sse.so	78704	d167ae38f8abbe93852ef65c61310735e434d757957545667bd0655deaded6a7
java/linux-amd64/zulu8.86.0.25-ca-fx-jdk8.0.452-linux_x64/jre/lib/amd64/libdt_socket.so	24304	f836e5608a501f56c06afadf54168d33988c4d9c44981a1867faabc5e7498add
java/linux-amd64/zulu8.86.0.25-ca-fx-jdk8.0.452-linux_x64/jre/lib/amd64/libfontmanager.so	546176	8627463489f2358bf39b854c6fa85759430897863e16788d9bc442f17f5cd433
java/linux-amd64/zulu8.86.0.25-ca-fx-jdk8.0.452-linux_x64/jre/lib/amd64/libfreetype.so.6	734736	d09555a30c79191be5e99920a03438da33d58182b5a1b2f89919b434c80fc52d
java/linux-amd64/zulu8.86.0.25-ca-fx-jdk8.0.452-linux_x64/jre/lib/amd64/libfxplugins.so	59000	8d5e653df7d52d9ef57a074e032bf817a3683bcf6e5da1e70110a54d7aa51300
java/linux-amd64/zulu8.86.0.25-ca-fx-jdk8.0.452-linux_x64/jre/lib/amd64/libglassgtk2.so	1825184	46c0888b5f619e707e419775d875d230f45ff09f82790ecbc90e4a02c8e4b9c3
java/linux-amd64/zulu8.86.0.25-ca-fx-jdk8.0.452-linux_x64/jre/lib/amd64/libglassgtk3.so	1825904	6750b7451650e34168a9d6fb1c7b0663cd100d136d660f6b23a3561eaf88ba0b
java/linux-amd64/zulu8.86.0.25-ca-fx-jdk8.0.452-linux_x64/jre/lib/amd64/libglass.so	16880	f95ecc251923cb8d5bb78e940b4e46854060a31fc4f668e1caaa0316cbfeca43
java/linux-amd64/zulu8.86.0.25-ca-fx-jdk8.0.452-linux_x64/jre/lib/amd64/libgstreamer-lite.so	2368256	41a68c614948298dc8ba8d603b0f99cb47e70a20736e0277e897a7059f7282f1
java/linux-amd64/zulu8.86.0.25-ca-fx-jdk8.0.452-linux_x64/jre/lib/amd64/libhprof.so	174992	7a8495b0e46480af69cac5b9de274aedab4419093e1a46968389fa1f3f7e6638
java/linux-amd64/zulu8.86.0.25-ca-fx-jdk8.0.452-linux_x64/jre/lib/amd64/libinstrument.so	51368	fe9527d9b98a3649584b00551d238df643ac48c37ffddb23df8f8207b4bf722c
java/linux-amd64/zulu8.86.0.25-ca-fx-jdk8.0.452-linux_x64/jre/lib/amd64/libj2gss.so	47880	de24ea2a1a5aba1782e2bf93bfe21aca31b138e4d88eeffa36881ac7d9dbe3a9
java/linux-amd64/zulu8.86.0.25-ca-fx-jdk8.0.452-linux_x64/jre/lib/amd64/libj2pcsc.so	18472	7df8e5d1498f954fd17110c9eb63c79cfc24c9e7b97db392f1cf65b066b55ffd
java/linux-amd64/zulu8.86.0.25-ca-fx-jdk8.0.452-linux_x64/jre/lib/amd64/libj2pkcs11.so	88816	8b3af76a4f1bb485d1cbb81960bb16e9a5a968192687def99ab0d984455e7a94
java/linux-amd64/zulu8.86.0.25-ca-fx-jdk8.0.452-linux_x64/jre/lib/amd64/libjaas_unix.so	8528	a43d4cdd61cf56fe9fff09b819dc431a39834f3db3665f55b4b29dba32429eae
java/linux-amd64/zulu8.86.0.25-ca-fx-jdk8.0.452-linux_x64/jre/lib/amd64/libjava_crw_demo.so	26168	5404ab4af7d3db3da8c58f8750a1439ba76193afaccd2c8515356ffaf8f888db
java/linux-amd64/zulu8.86.0.25-ca-fx-jdk8.0.452-linux_x64/jre/lib/amd64/libjavafx_font_freetype.so	35480	e2a560217eec053c1d80b8c88eeba145ba3ed6692829e20166d9ee8f19ed2a37
java/linux-amd64/zulu8.86.0.25-ca-fx-jdk8.0.452-linux_x64/jre/lib/amd64/libjavafx_font_pango.so	33600	8fdf500f03cb8c1da955c0dd32ff507b73fd262d7dadbd850c99a1982c058e1f
java/linux-amd64/zulu8.86.0.25-ca-fx-jdk8.0.452-linux_x64/jre/lib/amd64/libjavafx_font.so	20792	a1f9a4acca39cbe7c7b05fd0a17d100e8da224762bacc448871814cf219eb44e
java/linux-amd64/zulu8.86.0.25-ca-fx-jdk8.0.452-linux_x64/jre/lib/amd64/libjavafx_iio.so	268272	f458341a243305ffedd90d8a92ae0a687a36e801afd26eaab38b6d295c702442
java/linux-amd64/zulu8.86.0.25-ca-fx-jdk8.0.452-linux_x64/jre/lib/amd64/libjava.so	212176	a2f3b4173c61618e2235d9f2d504035b78ba2b32521d5fc7946e4dee16cde1b4
java/linux-amd64/zulu8.86.0.25-ca-fx-jdk8.0.452-linux_x64/jre/lib/amd64/libjawt.so	8376	0c8e603d86cbfde4dca8cebe048229f214f0fe8d148cc52f35edcd82b2991989
java/linux-amd64/zulu8.86.0.25-ca-fx-jdk8.0.452-linux_x64/jre/lib/amd64/libjdwp.so	272024	f64aa08e385448d949f6a61dbb56de1bc05de717a8ad0ccaad578acd0e1313a4
java/linux-amd64/zulu8.86.0.25-ca-fx-jdk8.0.452-linux_x64/jre/lib/amd64/libjfxmedia.so	1823816	9855bc642606815b6201cbacff85a9e64668129811dd0861b6b2f1e4e2a85ce5
java/linux-amd64/zulu8.86.0.25-ca-fx-jdk8.0.452-linux_x64/jre/lib/amd64/libjfxwebkit.so	135593176	d29a8f32e5f429fb6a52d88a2cbc09567126fbdbf60f98a3b7e1c4c80dd624de
java/linux-amd64/zulu8.86.0.25-ca-fx-jdk8.0.452-linux_x64/jre/lib/amd64/libjpeg.so	257376	276ef709f06834ee96deb24e0894b34d4c645a14902112ee929db374fb19f2c3
java/linux-amd64/zulu8.86.0.25-ca-fx-jdk8.0.452-linux_x64/jre/lib/amd64/libjsdt.so	13024	3392c955af620bcea341fab29e7e12b9763c39918e4d6e6e6e2cbb6e7bd007e9
java/linux-amd64/zulu8.86.0.25-ca-fx-jdk8.0.452-linux_x64/jre/lib/amd64/libjsig.so	13272	35f74a37d6d35e46c141fc56475765d691fe34e99e965eac21b34ac52fb6de7d
java/linux-amd64/zulu8.86.0.25-ca-fx-jdk8.0.452-linux_x64/jre/lib/amd64/libjsoundalsa.so	82136	70dee43d111cdf4cfb1dd018f859c212293ee524fa590ea54be5c7a6640a62a7
java/linux-amd64/zulu8.86.0.25-ca-fx-jdk8.0.452-linux_x64/jre/lib/amd64/libjsound.so	8632	1e0ef90219e4643ff04a21e2cf15e29d83c580b9aceeb3df5d8b4cbbe84e87e7
java/linux-amd64/zulu8.86.0.25-ca-fx-jdk8.0.452-linux_x64/jre/lib/amd64/liblcms.so	544072	abe21f27b79f6e5c58c195d556b60b5810ad63a16f49372b66ad55301da4dc17
java/linux-amd64/zulu8.86.0.25-ca-fx-jdk8.0.452-linux_x64/jre/lib/amd64/libmanagement.so	51720	1729067b5204f28bf3d9e5ba4d926dd52c8f4cb522133dc08964bd1b104577a6
java/linux-amd64/zulu8.86.0.25-ca-fx-jdk8.0.452-linux_x64/jre/lib/amd64/libmlib_image.so	1048304	9a4b7551d66d6c971bc6b9310f91c46ff458225cbe374262680e643af37d4c19
java/linux-amd64/zulu8.86.0.25-ca-fx-jdk8.0.452-linux_x64/jre/lib/amd64/libnet.so	121136	a25fbe8d4b505f5d5ac05ef0722dec48fd0e2ece8da15c022c0c609bd266769a
java/linux-amd64/zulu8.86.0.25-ca-fx-jdk8.0.452-linux_x64/jre/lib/amd64/libnio.so	93048	8360d59f89a695def7dcd4480624c5c585d94fc0275ddf67a5f0f16bc85fae37
java/linux-amd64/zulu8.86.0.25-ca-fx-jdk8.0.452-linux_x64/jre/lib/amd64/libnpt.so	17512	833f7ef3042c9b752b0a59fdb40494a16da284ee9b8706c3b382471c03a64dde
java/linux-amd64/zulu8.86.0.25-ca-fx-jdk8.0.452-linux_x64/jre/lib/amd64/libprism_common.so	62560	ffcff95e6c6b72e817f66fad060ab2932e86f05a17989d2a82beb96c4d4b7312
java/linux-amd64/zulu8.86.0.25-ca-fx-jdk8.0.452-linux_x64/jre/lib/amd64/libprism_es2.so	67568	8317f88d08dea6f719ec1a444e47c8b167a1fc7263d6b745d6f73bd215c02d38
java/linux-amd64/zulu8.86.0.25-ca-fx-jdk8.0.452-linux_x64/jre/lib/amd64/libprism_sw.so	75280	f5596b52652e1f73b80c8b94b1efdb2a9ec3f7653ab362ed6eb3886080818d1f
java/linux-amd64/zulu8.86.0.25-ca-fx-jdk8.0.452-linux_x64/jre/lib/amd64/libsaproc.so	51640	df027ea50b50914fa78f44a6b8eb488654fed528024f833b0dd3ba2a59f90a3b
java/linux-amd64/zulu8.86.0.25-ca-fx-jdk8.0.452-linux_x64/jre/lib/amd64/libsctp.so	29400	a45e1a1acd731071b324aaa1d6064617fa0857930804fa5ba967a58a94aced50
java/linux-amd64/zulu8.86.0.25-ca-fx-jdk8.0.452-linux_x64/jre/lib/amd64/libsplashscreen.so	445808	04d2b3cb3b74bfcdf3559f1e272c3f6f9059620c5a758001400c3ada601d4149
java/linux-amd64/zulu8.86.0.25-ca-fx-jdk8.0.452-linux_x64/jre/lib/amd64/libsunec.so	311104	de409265e8592d633733e80e0c46f130dc125be26957b1223b7ae25946c398da
java/linux-amd64/zulu8.86.0.25-ca-fx-jdk8.0.452-linux_x64/jre/lib/amd64/libunpack.so	225184	d1306cd7c917ea678de75ce8f7e2787946e96ac217e08e223208f0875539e5e9
java/linux-amd64/zulu8.86.0.25-ca-fx-jdk8.0.452-linux_x64/jre/lib/amd64/libverify.so	65552	02ec15fbea4934d44a7014400508123baa143ec768d18753316d5f7b45e6dadf
java/linux-amd64/zulu8.86.0.25-ca-fx-jdk8.0.452-linux_x64/jre/lib/amd64/libzip.so	131680	97176d7c8ee53f230e1e7c3031fc602204d1af28eaccce0d2661f6cdac65f8b0
java/linux-amd64/zulu8.86.0.25-ca-fx-jdk8.0.452-linux_x64/jre/lib/amd64/server/libjvm.so	17688784	51398e921ee4ee310654518173bb259980446164e31c79ec4d7c72d499db72dc
java/linux-amd64/zulu8.86.0.25-ca-fx-jdk8.0.452-linux_x64/jre/lib/amd64/server/Xusage.txt	1423	a13b50a87e063d7fa72708e431755ea8821a73276a7291e5702151cc2ccf92a8
java/linux-amd64/zulu8.86.0.25-ca-fx-jdk8.0.452-linux_x64/jre/lib/calendars.properties	2479	9b72cfad9723c8b33eed3e18bda69be3f50740f8c11456487d3098e288359bfa
java/linux-amd64/zulu8.86.0.25-ca-fx-jdk8.0.452-linux_x64/jre/lib/cat.jar	14929	62a927204d36d23fba8c6b9a052096dd240536a55e8a115dbd7bb371ae77e2eb
java/linux-amd64/zulu8.86.0.25-ca-fx-jdk8.0.452-linux_x64/jre/lib/charsets.jar	3138910	06c1916e52b79d17837756252fcdfbacec7ca4f7c0317504be25cc5dca4279c6
java/linux-amd64/zulu8.86.0.25-ca-fx-jdk8.0.452-linux_x64/jre/lib/classlist	84311	ef95793f41959b856d4f6a16d0318b6b92bae7217b6e57f596f4bb3979c19a77
java/linux-amd64/zulu8.86.0.25-ca-fx-jdk8.0.452-linux_x64/jre/lib/cmm/CIEXYZ.pf	784	98cf012f6122c833b1ff4fbbe37f43a808d769d9b10ba43f3411728e7bb58bea
java/linux-amd64/zulu8.86.0.25-ca-fx-jdk8.0.452-linux_x64/jre/lib/cmm/GRAY.pf	556	d3fd8cb41b7ef8c5ea53bfecb1ad6d4762197c8eab04444545e083dff6f86fa9
java/linux-amd64/zulu8.86.0.25-ca-fx-jdk8.0.452-linux_x64/jre/lib/cmm/LINEAR_RGB.pf	488	790da58ccc79d03658283652716ec9896ed31e0392d818e60f6832815ee79f4c
java/linux-amd64/zulu8.86.0.25-ca-fx-jdk8.0.452-linux_x64/jre/lib/cmm/PYCC.pf	234080	0031aa2b8b4d490369a2a601ae0d95505df0cb86c0504f080c02ed87e84b3ddc
java/linux-amd64/zulu8.86.0.25-ca-fx-jdk8.0.452-linux_x64/jre/lib/cmm/sRGB.pf	6876	87e382b9336e6a0417a4d860173109ab319a029cf2972e19833a3327c65bd7e4
java/linux-amd64/zulu8.86.0.25-ca-fx-jdk8.0.452-linux_x64/jre/lib/content-types.properties	5916	ec5a1eb433f210b651c07989aba5ade1b0bf1153d223ebd60626b404645ff892
java/linux-amd64/zulu8.86.0.25-ca-fx-jdk8.0.452-linux_x64/jre/lib/currency.data	4162	038263b97ca71688aef24eab3eb0bfca66e28d2dc2e91bfa8e17864d08734e7b
java/linux-amd64/zulu8.86.0.25-ca-fx-jdk8.0.452-linux_x64/jre/lib/ext/cldrdata.jar	3862636	2b228f13230c306caf7a4b695739fe55c9f549dfb10c4f29c50e7749e6381eec
java/linux-amd64/zulu8.86.0.25-ca-fx-jdk8.0.452-linux_x64/jre/lib/ext/crs-agent.jar	538944	d00c99f4e2cf74a97caffa6af02450d32d2d065e28f55859d9b7e8ecc80f821e
java/linux-amd64/zulu8.86.0.25-ca-fx-jdk8.0.452-linux_x64/jre/lib/ext/dnsns.jar	8354	4492b835867ab21af2e3e8b0b6a77df923399a0b0589c44f81b98b351b99a0fd
java/linux-amd64/zulu8.86.0.25-ca-fx-jdk8.0.452-linux_x64/jre/lib/ext/jaccess.jar	44518	a1cc9f579b71490a103655e38caad4fffd4f02fa6515981bae0e6d3d84e113cc
java/linux-amd64/zulu8.86.0.25-ca-fx-jdk8.0.452-linux_x64/jre/lib/ext/jfxrt.jar	8891625	648af1786a9b6cee62ff8d2e9abe7fd9b4015088058092d7464b9b71a56dce6f
java/linux-amd64/zulu8.86.0.25-ca-fx-jdk8.0.452-linux_x64/jre/lib/ext/localedata.jar	1183432	296330858c73095b5b052456d65e28d189d126fe6e6fdb963c92d5bd078b6b3f
java/linux-amd64/zulu8.86.0.25-ca-fx-jdk8.0.452-linux_x64/jre/lib/ext/meta-index	1072	d24da9f8fd5194eb70b3e4820ffe5c48c800340460e7475d4873fcfa69b31c3a
java/linux-amd64/zulu8.86.0.25-ca-fx-jdk8.0.452-linux_x64/jre/lib/ext/nashorn.jar	2033838	2b0baae4e10947fc0da7020d2ddec96271a143866fde3cf89eb9e1b5957bf039
java/linux-amd64/zulu8.86.0.25-ca-fx-jdk8.0.452-linux_x64/jre/lib/ext/sunec.jar	38964	97f9e273875e648d5eaf182dc700107d4079f6916c01ee6721d7271a39fc6bbe
java/linux-amd64/zulu8.86.0.25-ca-fx-jdk8.0.452-linux_x64/jre/lib/ext/sunjce_provider.jar	275208	d5b54320ddabddd34b0585aa2c47ec03940b2048625c65818b01151fcc00dbe2
java/linux-amd64/zulu8.86.0.25-ca-fx-jdk8.0.452-linux_x64/jre/lib/ext/sunpkcs11.jar	281921	1f966ac282d2b609f8082712ef285f77dfe52dd534f80e1ebc752b4fd3a51e04
java/linux-amd64/zulu8.86.0.25-ca-fx-jdk8.0.452-linux_x64/jre/lib/ext/zipfs.jar	72089	1a5d9e0d79d63521ebc2c65f5704d07b0b84ccf3718e727c9649a72336ffc364
java/linux-amd64/zulu8.86.0.25-ca-fx-jdk8.0.452-linux_x64/jre/lib/flavormap.properties	3901	3c3ae53aba9495eff8b8d28c171b49f84e6fed9acee9729387135bbd9b304fca
java/linux-amd64/zulu8.86.0.25-ca-fx-jdk8.0.452-linux_x64/jre/lib/fontconfig.bfc	3376	e2047ac254189a91d49c550cb358299f7f4df5a3146f7aa7121bf1db1e7b7ad1
java/linux-amd64/zulu8.86.0.25-ca-fx-jdk8.0.452-linux_x64/jre/lib/fontconfig.Fedora.bfc	4908	307bf602eb0348a852b74bc90fd991bf6c013721469f116ecaeb146fb720c311
java/linux-amd64/zulu8.86.0.25-ca-fx-jdk8.0.452-linux_x64/jre/lib/fontconfig.Fedora.properties.src	14959	9db9dba2d39aab11d7e3d0b58bc89fdeab9ada64deb5d3faf3996baa68919930
java/linux-amd64/zulu8.86.0.25-ca-fx-jdk8.0.452-linux_x64/jre/lib/fontconfig.properties.src	7847	9476d8de68d9c931324de2928fd25aec0c6a1b89d3485cd3de20e422ec4e5bac
java/linux-amd64/zulu8.86.0.25-ca-fx-jdk8.0.452-linux_x64/jre/lib/fontconfig.SuSE.bfc	2852	aa5f33be96e8ae62bd0f88e01459e47edaed428b7bec78e8e11863b5ffcae14c
java/linux-amd64/zulu8.86.0.25-ca-fx-jdk8.0.452-linux_x64/jre/lib/fontconfig.SuSE.properties.src	5529	75af8600f147d0455fc2393368a824999d0659c39ef6efc75c9c6ed845528e22
java/linux-amd64/zulu8.86.0.25-ca-fx-jdk8.0.452-linux_x64/jre/lib/fontconfig.Ubuntu.bfc	9228	ffe7c374b23477dedc269c2384bd7c5ca4e235827f622bed140638a2cbd115da
java/linux-amd64/zulu8.86.0.25-ca-fx-jdk8.0.452-linux_x64/jre/lib/fontconfig.Ubuntu.properties.src	16151	eb422f8f7411296ab92487c3f0ae67e77c8951b47a20ae89237834ce43ade347
java/linux-amd64/zulu8.86.0.25-ca-fx-jdk8.0.452-linux_x64/jre/lib/hijrah-config-umalqura.properties	14959	3456982de9eba535337852f02852e26e4ed197ebd9d8356977e6da4ed9075538
java/linux-amd64/zulu8.86.0.25-ca-fx-jdk8.0.452-linux_x64/jre/lib/images/cursors/cursors.properties	1274	2159cd9e967f6935428bb140ef757d499916e30415afcb93d288da233bafa855
java/linux-amd64/zulu8.86.0.25-ca-fx-jdk8.0.452-linux_x64/jre/lib/images/cursors/invalid32x32.gif	153	1a1d3079d49583837662b84e11d8c0870698511d9110e710eb8e7eb20df7ae3b
java/linux-amd64/zulu8.86.0.25-ca-fx-jdk8.0.452-linux_x64/jre/lib/images/cursors/motif_CopyDrop32x32.gif	158	9fc5e00caa9c92e16aa97ecf5f313b3a53712628fabd875512ef59512d27ba35
java/linux-amd64/zulu8.86.0.25-ca-fx-jdk8.0.452-linux_x64/jre/lib/images/cursors/motif_CopyNoDrop32x32.gif	153	1a1d3079d49583837662b84e11d8c0870698511d9110e710eb8e7eb20df7ae3b
java/linux-amd64/zulu8.86.0.25-ca-fx-jdk8.0.452-linux_x64/jre/lib/images/cursors/motif_LinkDrop32x32.gif	162	397744f8d5bc5158f235b55c62534d59bc437ff57f8bc4fd47917324fa430dd6
java/linux-amd64/zulu8.86.0.25-ca-fx-jdk8.0.452-linux_x64/jre/lib/images/cursors/motif_LinkNoDrop32x32.gif	153	1a1d3079d49583837662b84e11d8c0870698511d9110e710eb8e7eb20df7ae3b
java/linux-amd64/zulu8.86.0.25-ca-fx-jdk8.0.452-linux_x64/jre/lib/images/cursors/motif_MoveDrop32x32.gif	141	2592d70a052be96a45bf635ed314d641dd7275ed7976d4cc30027dad26fe65cf
java/linux-amd64/zulu8.86.0.25-ca-fx-jdk8.0.452-linux_x64/jre/lib/images/cursors/motif_MoveNoDrop32x32.gif	153	1a1d3079d49583837662b84e11d8c0870698511d9110e710eb8e7eb20df7ae3b
java/linux-amd64/zulu8.86.0.25-ca-fx-jdk8.0.452-linux_x64/jre/lib/javafx.properties	56	820682d890805ab77f778a447a9a9a54dc1eb1133134bcb496fe810e3c96ae2c
java/linux-amd64/zulu8.86.0.25-ca-fx-jdk8.0.452-linux_x64/jre/lib/jce.jar	98060	8ea84edf9b73c6d5b5e2b199570d7d5bb0e2a13389d025e23d9dbb13171a5b40
java/linux-amd64/zulu8.86.0.25-ca-fx-jdk8.0.452-linux_x64/jre/lib/jexec	23200	5f45697de8113b906f75320de82be0fb59c495981e278dcbc7deab5d26f8be67
java/linux-amd64/zulu8.86.0.25-ca-fx-jdk8.0.452-linux_x64/jre/lib/jfr/default.jfc	30605	c722481cff20b9e0a0dd9a44092673af354c71b554f0fc471a494f100f3c54bb
java/linux-amd64/zulu8.86.0.25-ca-fx-jdk8.0.452-linux_x64/jre/lib/jfr.jar	891277	5a2645228b1d17a9f9b345f1f872bef903c7a7c07ad02bd927f776cc6a9d0eb6
java/linux-amd64/zulu8.86.0.25-ca-fx-jdk8.0.452-linux_x64/jre/lib/jfr/profile.jfc	30563	38f58247acbe4b787020ad5075b52864cde306bb9398dfe500120c5f5f8d676d
java/linux-amd64/zulu8.86.0.25-ca-fx-jdk8.0.452-linux_x64/jre/lib/jfxswt.jar	33903	00e6352cce182bd9670187a8cb46dc37b5f93abd63f0a96c01e824d638684f58
java/linux-amd64/zulu8.86.0.25-ca-fx-jdk8.0.452-linux_x64/jre/lib/jsse.jar	1932890	40dee9f99384f16c87b55151c867d359bc5891d873da7f9a11b877f6f53960bc
java/linux-amd64/zulu8.86.0.25-ca-fx-jdk8.0.452-linux_x64/jre/lib/jvm.hprof.txt	4226	b055bf25b07e5ac70e99b897fb8152f288769065b5b84387362bb9cc2e6c9d38
java/linux-amd64/zulu8.86.0.25-ca-fx-jdk8.0.452-linux_x64/jre/lib/logging.properties	2455	ce1688fe641099954572ea856953035b5188e2ca228705001368250337b9b232
java/linux-amd64/zulu8.86.0.25-ca-fx-jdk8.0.452-linux_x64/jre/lib/management-agent.jar	382	54d790046e7a8649f5d5cdef03eaa2719845dd7b631dac9c8b8caef4617d2c3b
java/linux-amd64/zulu8.86.0.25-ca-fx-jdk8.0.452-linux_x64/jre/lib/management/jmxremote.access	3998	439158eb513525feda19e0e4153ccf36a08fe6a39c0c6ceeb9fcee86899dd33c
java/linux-amd64/zulu8.86.0.25-ca-fx-jdk8.0.452-linux_x64/jre/lib/management/jmxremote.password.template	2856	3d83e336c9a24d09a16063ea1355885e07f7a176a37543463596b5db8d82f8fa
java/linux-amd64/zulu8.86.0.25-ca-fx-jdk8.0.452-linux_x64/jre/lib/management/management.properties	14749	57b2702c8a4158ae72c3616300efdc81d690d617c1d1ce2a66b1c95e0dbe0d57
java/linux-amd64/zulu8.86.0.25-ca-fx-jdk8.0.452-linux_x64/jre/lib/management/snmp.acl.template	3376	f1dc97da5a5d220ed5d5b71110ce8200b16cac50622b33790bb03e329c751ced
java/linux-amd64/zulu8.86.0.25-ca-fx-jdk8.0.452-linux_x64/jre/lib/meta-index	2032	23b08c6549d0eb631945a7064f5a1b7fcabff59e7d7bbb943718f489f387012f
java/linux-amd64/zulu8.86.0.25-ca-fx-jdk8.0.452-linux_x64/jre/lib/net.properties	6185	f4567500fd182e9912c7ed58633eba1737619ebefc79c52a583df54a0226127a
java/linux-amd64/zulu8.86.0.25-ca-fx-jdk8.0.452-linux_x64/jre/lib/psfontj2d.properties	11390	780c565d5af3ee6f68b887b75c041cdf46a0592f67012f12eeb691283e92630a
java/linux-amd64/zulu8.86.0.25-ca-fx-jdk8.0.452-linux_x64/jre/lib/psfont.properties.ja	3793	5a4bd51b969bf187ff86d94f4a71fdfbfa602762975fa3c73d264b4575f7c78f
java/linux-amd64/zulu8.86.0.25-ca-fx-jdk8.0.452-linux_x64/jre/lib/resources.jar	3532572	e9e3cec568725af34408d4057177837e678ac055f9f4a5f1eeb26e025bed85fb
java/linux-amd64/zulu8.86.0.25-ca-fx-jdk8.0.452-linux_x64/jre/lib/rt.jar	65988327	e5e430618b24e3674ecdf455d4c32f8bc234d7e16056a4eb41d24ba09038d596
java/linux-amd64/zulu8.86.0.25-ca-fx-jdk8.0.452-linux_x64/jre/lib/security/blacklisted.certs	2488	96572f243f31c2ef81a6e627542e596f6a9295cff3c7ae095c1b595cb1457ded
java/linux-amd64/zulu8.86.0.25-ca-fx-jdk8.0.452-linux_x64/jre/lib/security/cacerts	126674	8fe06f7f215933a643f348fda34a8e2835aadd6ea54356f1283448df5cd27c72
java/linux-amd64/zulu8.86.0.25-ca-fx-jdk8.0.452-linux_x64/jre/lib/security/java.policy	2665	164dee2520126c729d9bbb80be71bc733720f9f6a6bfe1a40e9d45ea99edbb48
java/linux-amd64/zulu8.86.0.25-ca-fx-jdk8.0.452-linux_x64/jre/lib/security/java.security	56844	f41319be10715d6330da5448f0ce4c9d97b07f24b98d4d3e0037d889f1cdb3f6
java/linux-amd64/zulu8.86.0.25-ca-fx-jdk8.0.452-linux_x64/jre/lib/security/policy/limited/local_policy.jar	1042	a430479065120042d9d73b386a2ea96a842fc10c43404b935f65b6acdc7c9893
java/linux-amd64/zulu8.86.0.25-ca-fx-jdk8.0.452-linux_x64/jre/lib/security/policy/limited/US_export_policy.jar	622	e304f88a1b248d62e6831190a36ed56de44962f7499271ccc577b08d28db44a0
java/linux-amd64/zulu8.86.0.25-ca-fx-jdk8.0.452-linux_x64/jre/lib/security/policy/unlimited/local_policy.jar	640	dc7fde8932a2fa1cba4cd970346692edba49b0414112cee3cd339bbd80bcd55f
java/linux-amd64/zulu8.86.0.25-ca-fx-jdk8.0.452-linux_x64/jre/lib/security/policy/unlimited/US_export_policy.jar	622	e304f88a1b248d62e6831190a36ed56de44962f7499271ccc577b08d28db44a0
java/linux-amd64/zulu8.86.0.25-ca-fx-jdk8.0.452-linux_x64/jre/lib/sound.properties	1210	299c2360b6155eb28990ec49cd21753f97e43442fe8fab03e04f3e213df43a66
java/linux-amd64/zulu8.86.0.25-ca-fx-jdk8.0.452-linux_x64/jre/lib/tzdb.dat	101815	84922dfbfe347d22b54b1f9fa8cb51cf4e201b1a077d1c82bf1fdbfd8c29b7fc
java/linux-amd64/zulu8.86.0.25-ca-fx-jdk8.0.452-linux_x64/jre/LICENSE	19274	4b9abebc4338048a7c2dc184e9f800deb349366bdf28eb23c2677a77b4c87726
java/linux-amd64/zulu8.86.0.25-ca-fx-jdk8.0.452-linux_x64/jre/THIRD_PARTY_README	161680	2a97708a1cd8f0b3b5521eac5784d36a6ae7b082962541a4b702e893419d8618
java/linux-amd64/zulu8.86.0.25-ca-fx-jdk8.0.452-linux_x64/lib/amd64/jli/libjli.so	463136	8c5cb6d0474e83641071588126e87f67da1af052b61457dfce93d224a76e0328
java/linux-amd64/zulu8.86.0.25-ca-fx-jdk8.0.452-linux_x64/lib/amd64/libjawt.so	29304	e80b82a9f6da972b2da5af4537808622e1f66ff37f08a7446c0d26f068616871
java/linux-amd64/zulu8.86.0.25-ca-fx-jdk8.0.452-linux_x64/lib/ant-javafx.jar	4682234	5efbb8aabe5b9855ae6537fa7bf3c790b879cbd430e1eb234f3aa7ba419b553d
java/linux-amd64/zulu8.86.0.25-ca-fx-jdk8.0.452-linux_x64/lib/ct.sym	17922394	3076d4c9d720d007c8c0305462a6ef49415f5d25bdff23245cc2f27acc7e3bac
java/linux-amd64/zulu8.86.0.25-ca-fx-jdk8.0.452-linux_x64/lib/dt.jar	163083	33db934688fa04d8a796e584856ba888d1ffb1edca314110f7aa9b416b30305c
java/linux-amd64/zulu8.86.0.25-ca-fx-jdk8.0.452-linux_x64/lib/ir.idl	19429	058ede6878a523e5b0fc758f7ea9086bfce3ab5ecb28ab6869450daf33cf21fd
java/linux-amd64/zulu8.86.0.25-ca-fx-jdk8.0.452-linux_x64/lib/javafx-mx.jar	36044	7bbdba4a79f7e25232230792f02fb1801eb1556ec4e95c1bf9d5f35236a16adc
java/linux-amd64/zulu8.86.0.25-ca-fx-jdk8.0.452-linux_x64/lib/jconsole.jar	407704	39276ca40bfd36158124795ef4c45c9e68447a56ac74cf9e3fa7b0ece5ff8479
java/linux-amd64/zulu8.86.0.25-ca-fx-jdk8.0.452-linux_x64/lib/jexec	23200	5f45697de8113b906f75320de82be0fb59c495981e278dcbc7deab5d26f8be67
java/linux-amd64/zulu8.86.0.25-ca-fx-jdk8.0.452-linux_x64/lib/orb.idl	1637	53ebded2a086a6967b18165d26ecf22e42adc1b143f99edccf9211d9b6a5207e
java/linux-amd64/zulu8.86.0.25-ca-fx-jdk8.0.452-linux_x64/lib/packager.jar	4646	74d7c80058dcc7db674cc3f14bb85703bf391716fd5d044691dc3c93821e3240
java/linux-amd64/zulu8.86.0.25-ca-fx-jdk8.0.452-linux_x64/lib/sa-jdi.jar	2312777	0d6538185bcd80c065843aad0407c2c41c7e19b5f61fc33c0144b78300cf0fd5
java/linux-amd64/zulu8.86.0.25-ca-fx-jdk8.0.452-linux_x64/lib/tools.jar	18354477	3c036e30771dffd2de43d613668f5080fffeed2f6b81e1d0ab6e61b19a7bb739
java/linux-amd64/zulu8.86.0.25-ca-fx-jdk8.0.452-linux_x64/LICENSE	19274	4b9abebc4338048a7c2dc184e9f800deb349366bdf28eb23c2677a77b4c87726
java/linux-amd64/zulu8.86.0.25-ca-fx-jdk8.0.452-linux_x64/man/ja_JP.UTF-8/man1/appletviewer.1	4880	316a486a59aaf1e5ae5ec99502fea752db8746254a9d565203615ebacc4b89fd
java/linux-amd64/zulu8.86.0.25-ca-fx-jdk8.0.452-linux_x64/man/ja_JP.UTF-8/man1/extcheck.1	5360	61086d03dd48dcaa856e366fa2dd6e761c8254ec24b88a4860b45ad95c3c8f4c
java/linux-amd64/zulu8.86.0.25-ca-fx-jdk8.0.452-linux_x64/man/ja_JP.UTF-8/man1/idlj.1	26009	61c4ac71575378367c07d9502dacbd084d7dfea5cabb267b7647111b9c77c30b
java/linux-amd64/zulu8.86.0.25-ca-fx-jdk8.0.452-linux_x64/man/ja_JP.UTF-8/man1/jar.1	21636	5f8e16bb24222acd5d23ae861b86a3a4d482a1975911e6bca15c82b19264e625
java/linux-amd64/zulu8.86.0.25-ca-fx-jdk8.0.452-linux_x64/man/ja_JP.UTF-8/man1/jarsigner.1	61612	8f82852e8604ca4dffcf5fa4c8cb9c3965a6cc1349005b11cbd83f57ddd75923
java/linux-amd64/zulu8.86.0.25-ca-fx-jdk8.0.452-linux_x64/man/ja_JP.UTF-8/man1/java.1	137121	5e025f1ffe289df9354b415b7644747547d04872ee45a542e09a8d6c6c5b0170
java/linux-amd64/zulu8.86.0.25-ca-fx-jdk8.0.452-linux_x64/man/ja_JP.UTF-8/man1/javac.1	66274	a68041845b21425577a9214745975e291201a15c195c4eaf28674eae61ea218b
java/linux-amd64/zulu8.86.0.25-ca-fx-jdk8.0.452-linux_x64/man/ja_JP.UTF-8/man1/javadoc.1	225344	3d56dc75aaa340cf612102494f935f8c866e27d1b9c73cd7c51a735ae358a50f
java/linux-amd64/zulu8.86.0.25-ca-fx-jdk8.0.452-linux_x64/man/ja_JP.UTF-8/man1/javafxpackager.1	32359	b3b126fd266ef9581ea5e67c9eb716437052e86e01732a74c90293109db28853
java/linux-amd64/zulu8.86.0.25-ca-fx-jdk8.0.452-linux_x64/man/ja_JP.UTF-8/man1/javah.1	9221	7322c7d24df733d6f7a49082dab1ddf308873daadb1dd77ce69c80c30f1f6858
java/linux-amd64/zulu8.86.0.25-ca-fx-jdk8.0.452-linux_x64/man/ja_JP.UTF-8/man1/javap.1	10196	023ff4ead35e3dd6422b53bc44ed7400d56b181caf616fcf7ee916d60a361ec5
java/linux-amd64/zulu8.86.0.25-ca-fx-jdk8.0.452-linux_x64/man/ja_JP.UTF-8/man1/javapackager.1	32362	78ad3d06b163db32684727de4e3addc5e79b732216e7570d7123a8147da80de3
java/linux-amd64/zulu8.86.0.25-ca-fx-jdk8.0.452-linux_x64/man/ja_JP.UTF-8/man1/jcmd.1	7536	03e917bf6ec7e3e4cdd7b5b2c6ef21139be1b4b20f9bf7061bc9ba7580afad6e
java/linux-amd64/zulu8.86.0.25-ca-fx-jdk8.0.452-linux_x64/man/ja_JP.UTF-8/man1/jconsole.1	6040	4d8783946a74c9c9d0232da18d78ceb776fc29b75d410bf0c35a8838599b7d55
java/linux-amd64/zulu8.86.0.25-ca-fx-jdk8.0.452-linux_x64/man/ja_JP.UTF-8/man1/jdb.1	16133	5504ac0e20e4f100d8e4146c4256b44f0afe3675bdbddd708377a6947f564439
java/linux-amd64/zulu8.86.0.25-ca-fx-jdk8.0.452-linux_x64/man/ja_JP.UTF-8/man1/jdeps.1	15922	8de93684b3ff9d084f7faae373ab2554895bd111d46f60525286f8eb757ab27b
java/linux-amd64/zulu8.86.0.25-ca-fx-jdk8.0.452-linux_x64/man/ja_JP.UTF-8/man1/jhat.1	8054	a5d6eb5142672318a16e9746a3117a3d5af2bf7f4d76af80e24d556eac117636
java/linux-amd64/zulu8.86.0.25-ca-fx-jdk8.0.452-linux_x64/man/ja_JP.UTF-8/man1/jinfo.1	5950	4f9cf7d4a9976a96869adad6f066e4f8b8fac86f344a4e4493a002e345c19054
java/linux-amd64/zulu8.86.0.25-ca-fx-jdk8.0.452-linux_x64/man/ja_JP.UTF-8/man1/jjs.1	12345	591ccc902dfe25a99d7f50ac6b4bc224c2d32d51748530ba6a481e14dcbd8f21
java/linux-amd64/zulu8.86.0.25-ca-fx-jdk8.0.452-linux_x64/man/ja_JP.UTF-8/man1/jmap.1	8021	312c3f31db608db95dd197b255a8485a0cd6a87d48cd3cccd19f0ff8c9e119d4
java/linux-amd64/zulu8.86.0.25-ca-fx-jdk8.0.452-linux_x64/man/ja_JP.UTF-8/man1/jps.1	12226	c6c94358254ea68477f8ae58db67a647271377fe83c40c71609ebaab2a36dd9e
java/linux-amd64/zulu8.86.0.25-ca-fx-jdk8.0.452-linux_x64/man/ja_JP.UTF-8/man1/jrunscript.1	7621	05d50b000056c6c45b23cf08e92f1ff24767a60440b362caa4e9b6dbe7bb20d2
java/linux-amd64/zulu8.86.0.25-ca-fx-jdk8.0.452-linux_x64/man/ja_JP.UTF-8/man1/jsadebugd.1	5912	26b273f2c2d9a4549b80948c07ff3c37c417cf7b00361a2d934970ff866ec23e
java/linux-amd64/zulu8.86.0.25-ca-fx-jdk8.0.452-linux_x64/man/ja_JP.UTF-8/man1/jstack.1	7109	16d9601f57a9d276e079fd27577d5b2638a23050c949325ca7a280ef69a851c1
java/linux-amd64/zulu8.86.0.25-ca-fx-jdk8.0.452-linux_x64/man/ja_JP.UTF-8/man1/jstat.1	28058	7243e3ab4728b0740aacc396c7383d6e4d75060c5102a47868b9ca50ac957383
java/linux-amd64/zulu8.86.0.25-ca-fx-jdk8.0.452-linux_x64/man/ja_JP.UTF-8/man1/jstatd.1	12094	edebffdab170b0bef55a4e07a7bcd6da5b5cf63d70c2301bb412d47bcc16b71c
java/linux-amd64/zulu8.86.0.25-ca-fx-jdk8.0.452-linux_x64/man/ja_JP.UTF-8/man1/keytool.1	111956	64ef1c3e43a069edbadacd8359a59fe015b1d6893e594d0cb2bc383abafa5ad2
java/linux-amd64/zulu8.86.0.25-ca-fx-jdk8.0.452-linux_x64/man/ja_JP.UTF-8/man1/native2ascii.1	4939	8cc7a3680cfa7734444913a51e299d9b7ded475a25822ba2779898824d64bdbf
java/linux-amd64/zulu8.86.0.25-ca-fx-jdk8.0.452-linux_x64/man/ja_JP.UTF-8/man1/orbd.1	17072	60592a8da9c9c6412193a07d63fdb013d37fed0df57c679389420567aaa6e0c4
java/linux-amd64/zulu8.86.0.25-ca-fx-jdk8.0.452-linux_x64/man/ja_JP.UTF-8/man1/pack200.1	15480	150a000ed4262977df8fc673343b8c5c39df58dee9dca559666ae8f2797d78f2
java/linux-amd64/zulu8.86.0.25-ca-fx-jdk8.0.452-linux_x64/man/ja_JP.UTF-8/man1/policytool.1	5009	148753440aef70bd2a34211ddb8d2c65723c710abf483b7bcd8bd1d7240954f0
java/linux-amd64/zulu8.86.0.25-ca-fx-jdk8.0.452-linux_x64/man/ja_JP.UTF-8/man1/rmic.1	17356	6d88ad2b35a88c072e5ddc62f3adf34bd860f2df4487ec27163e08000ecfc33d
java/linux-amd64/zulu8.86.0.25-ca-fx-jdk8.0.452-linux_x64/man/ja_JP.UTF-8/man1/rmid.1	20692	f73905600226a37191769921a969d83905fcbdffa35d697410290dddafab39bc
java/linux-amd64/zulu8.86.0.25-ca-fx-jdk8.0.452-linux_x64/man/ja_JP.UTF-8/man1/rmiregistry.1	5546	3c75f3da96a5ced86afef054e630234ccd3444e467338047b802cc7537af502a
java/linux-amd64/zulu8.86.0.25-ca-fx-jdk8.0.452-linux_x64/man/ja_JP.UTF-8/man1/schemagen.1	5407	78c2383f3df614f8cfc19e4f2d5262a0dc701542f68527e2fe05cdb554af9b96
java/linux-amd64/zulu8.86.0.25-ca-fx-jdk8.0.452-linux_x64/man/ja_JP.UTF-8/man1/serialver.1	4902	1859b8a6ba58635e6d808086512a90d708995a8760ac88b79b3ae5403f307776
java/linux-amd64/zulu8.86.0.25-ca-fx-jdk8.0.452-linux_x64/man/ja_JP.UTF-8/man1/servertool.1	10070	422cf01f8e86d7a2c0c2b31096f06ea16898e0378d295febfa030f3ae00f07ee
java/linux-amd64/zulu8.86.0.25-ca-fx-jdk8.0.452-linux_x64/man/ja_JP.UTF-8/man1/tnameserv.1	18684	1bce0e09160c89d73215c7db7547bceeef12694def01697ad99e43eeb83e468f
java/linux-amd64/zulu8.86.0.25-ca-fx-jdk8.0.452-linux_x64/man/ja_JP.UTF-8/man1/unpack200.1	6371	4b5fb710a4722cb585f8b6e396fa746657c454a22a80924a11be4e50388f7c1c
java/linux-amd64/zulu8.86.0.25-ca-fx-jdk8.0.452-linux_x64/man/ja_JP.UTF-8/man1/wsgen.1	7290	3659b8338fdd6c66f31517f0b31a1021b72375f5104e1df9a8c21352a7f06519
java/linux-amd64/zulu8.86.0.25-ca-fx-jdk8.0.452-linux_x64/man/ja_JP.UTF-8/man1/wsimport.1	9486	427cf2b1b5e603c2135bef996f6c55c0bc64fdf00b896f3244419a150fd09fcb
java/linux-amd64/zulu8.86.0.25-ca-fx-jdk8.0.452-linux_x64/man/ja_JP.UTF-8/man1/xjc.1	15110	007764a79a4de9a0be3b3c7ba24b966b6f7764b69a366640e1023e5124410ea5
java/linux-amd64/zulu8.86.0.25-ca-fx-jdk8.0.452-linux_x64/man/man1/appletviewer.1	4187	b90ff96f20da42dbfb7dcd68d01bd743e98101edcd7921475a4fcb8688dd2b6c
java/linux-amd64/zulu8.86.0.25-ca-fx-jdk8.0.452-linux_x64/man/man1/extcheck.1	4417	e18c550c52073a47b297f60516b5e25e9c28a0481cb9c04d35f4b67f9e5e8406
java/linux-amd64/zulu8.86.0.25-ca-fx-jdk8.0.452-linux_x64/man/man1/idlj.1	21937	9453394879be7f0f4ae5f6be444d5071c100ed3d4e38a0491c7c2d90f8fc5b5f
java/linux-amd64/zulu8.86.0.25-ca-fx-jdk8.0.452-linux_x64/man/man1/jar.1	18588	ee65cbd13aafa0a37490f3cd0a5d5c8fb96a5a8f359072546353f48625e082fc
java/linux-amd64/zulu8.86.0.25-ca-fx-jdk8.0.452-linux_x64/man/man1/jarsigner.1	48151	8af64d4bfe0995a1479db6eb070b5f4408151bcbf87854980833a6a4dd1d9df3
java/linux-amd64/zulu8.86.0.25-ca-fx-jdk8.0.452-linux_x64/man/man1/java.1	107134	1443c5d618241577fd7206fa9a8b9a1ab3e063856cb1b789a6635b70efdc357c
java/linux-amd64/zulu8.86.0.25-ca-fx-jdk8.0.452-linux_x64/man/man1/javac.1	52967	612eb81051af39146f265fcababd1b7db180df9cba1df7a116f7be8dbb5d1e7d
java/linux-amd64/zulu8.86.0.25-ca-fx-jdk8.0.452-linux_x64/man/man1/javadoc.1	169053	22add198ad013a55a83bb3aa7dff8c6b1ff22c60f15c8eaa47e98a235dfba1e7
java/linux-amd64/zulu8.86.0.25-ca-fx-jdk8.0.452-linux_x64/man/man1/javafxpackager.1	27517	aa4326e435e8868145be55a4141f9f8066ac4f687a5151cf6a69ee28c6cba65c
java/linux-amd64/zulu8.86.0.25-ca-fx-jdk8.0.452-linux_x64/man/man1/javah.1	7263	b095425576c57ac41e45955690bad2d0cf360b03cb9950158363d8365088deb9
java/linux-amd64/zulu8.86.0.25-ca-fx-jdk8.0.452-linux_x64/man/man1/javap.1	9521	4e42a7c5057c757c4c8bcc78ca9ea86be1f681de2f79757fdd7254d4a6d53332
java/linux-amd64/zulu8.86.0.25-ca-fx-jdk8.0.452-linux_x64/man/man1/javapackager.1	27517	f4bc9b55d917dde58124ba96a7c5fc626c26f9e10a5b256e6c1533ca37075235
java/linux-amd64/zulu8.86.0.25-ca-fx-jdk8.0.452-linux_x64/man/man1/jcmd.1	6697	e96957ecadaa3753f1c4f100f38d27a8288e53a552285ed0438a30142769fcf8
java/linux-amd64/zulu8.86.0.25-ca-fx-jdk8.0.452-linux_x64/man/man1/jconsole.1	5163	60da483580968f248b3304255d33ea7e0a7d500cd6a505683e07203c05bf2fa3
java/linux-amd64/zulu8.86.0.25-ca-fx-jdk8.0.452-linux_x64/man/man1/jdb.1	12737	abfcf6fb84e5492b1abef96c3c2979099a7d533a95204775dc0381cac07240c8
java/linux-amd64/zulu8.86.0.25-ca-fx-jdk8.0.452-linux_x64/man/man1/jdeps.1	16472	adb01fa5f5c8738a88981b40cf51b87faf0ebefff9c142844b55fa184d517a6c
java/linux-amd64/zulu8.86.0.25-ca-fx-jdk8.0.452-linux_x64/man/man1/jhat.1	6031	942e327f2f485cc2f978c45bd3fd082ff925689e7395c2fa18b781e3330eb312
java/linux-amd64/zulu8.86.0.25-ca-fx-jdk8.0.452-linux_x64/man/man1/jinfo.1	4853	113d63cb46fcab897434b2e51504acb9de4f29e8f74d987bd135f3b73376a1fa
java/linux-amd64/zulu8.86.0.25-ca-fx-jdk8.0.452-linux_x64/man/man1/jjs.1	5921	af6584b5783423a54b1b4e89242609e71a3afce7eea63258bdf2a35d595ea803
java/linux-amd64/zulu8.86.0.25-ca-fx-jdk8.0.452-linux_x64/man/man1/jmap.1	6129	94684b7d56664d06d74edd1b341a6efc0d455f89b116d9b86d88467f3e8faff7
java/linux-amd64/zulu8.86.0.25-ca-fx-jdk8.0.452-linux_x64/man/man1/jps.1	9748	ab081479a856f9723ffc53e30710fb6ae77e259d53270f8e89a6338754fe4d69
java/linux-amd64/zulu8.86.0.25-ca-fx-jdk8.0.452-linux_x64/man/man1/jrunscript.1	6408	0516fe1dc7ae84ebde66c284de0f3287267561226cd798310a0e16e9a5a2a48f
java/linux-amd64/zulu8.86.0.25-ca-fx-jdk8.0.452-linux_x64/man/man1/jsadebugd.1	4719	2f672522ee0d0c1943ba6007e13fcda7c5504c7d341f3561cc6f6d051b5e5fcb
java/linux-amd64/zulu8.86.0.25-ca-fx-jdk8.0.452-linux_x64/man/man1/jstack.1	5478	acfc6b6ef9c768ecaa6c063e160ff5ee0adb5e3578ff1981a122a5610602bbf3
java/linux-amd64/zulu8.86.0.25-ca-fx-jdk8.0.452-linux_x64/man/man1/jstat.1	24279	cb767bd44f9747eec83ea926073b21ae1b66860940370b5172e65b6f3050370b
java/linux-amd64/zulu8.86.0.25-ca-fx-jdk8.0.452-linux_x64/man/man1/jstatd.1	9446	7b4a3678f4f560b9c4010e4b9cc20c3e5e5e865d873d88c18657443f44521b5e
java/linux-amd64/zulu8.86.0.25-ca-fx-jdk8.0.452-linux_x64/man/man1/keytool.1	87894	c81a223792eb2ed517c3071b328d303ad23ca261ea5b98e68c1126111bf53347
java/linux-amd64/zulu8.86.0.25-ca-fx-jdk8.0.452-linux_x64/man/man1/native2ascii.1	4233	baf85354605484c1243eefe951d3d45b7098a2015d6edf93157d96066ee4df96
java/linux-amd64/zulu8.86.0.25-ca-fx-jdk8.0.452-linux_x64/man/man1/orbd.1	13149	7ea11655e44ca7543300241dfcaa1e43fd798a8591e8b37dab151e9d503b3a04
java/linux-amd64/zulu8.86.0.25-ca-fx-jdk8.0.452-linux_x64/man/man1/pack200.1	12592	97ba9e8c99179a88316b1b65ba0f00e1b783c0da5743b5f62d215329307fd508
java/linux-amd64/zulu8.86.0.25-ca-fx-jdk8.0.452-linux_x64/man/man1/policytool.1	4204	02851ab5580964594002ae85313952b5df12c91a7ea1e4ea4418ed92174ada93
java/linux-amd64/zulu8.86.0.25-ca-fx-jdk8.0.452-linux_x64/man/man1/rmic.1	13174	981393a9cbd634c9dde769c47ff64dbcc5a65d6ab7dd67de58b906deb9f65bb1
java/linux-amd64/zulu8.86.0.25-ca-fx-jdk8.0.452-linux_x64/man/man1/rmid.1	16948	c91e0d0ba24d9c2b39ab330bb1ec2e26a4476548e571ec5107c5959fde107c5d
java/linux-amd64/zulu8.86.0.25-ca-fx-jdk8.0.452-linux_x64/man/man1/rmiregistry.1	4418	b9e0e608e31c8c5eb07e2b442bb155592cdff9547e2554669f54092a7b10505d
java/linux-amd64/zulu8.86.0.25-ca-fx-jdk8.0.452-linux_x64/man/man1/schemagen.1	4554	cf5287e7de42237dd0bf7ef6bd768a8c73c3d8a5ab9c6c443f588ce22dc5d7be
java/linux-amd64/zulu8.86.0.25-ca-fx-jdk8.0.452-linux_x64/man/man1/serialver.1	4240	947eb21b6dde3543db3585ea666117591e6043da4f643a469016c3f1bee2d199
java/linux-amd64/zulu8.86.0.25-ca-fx-jdk8.0.452-linux_x64/man/man1/servertool.1	8206	43ec4799288f615e530bba2f81286b56c242adcf978d8549ff8e28a7ff6f3ff1
java/linux-amd64/zulu8.86.0.25-ca-fx-jdk8.0.452-linux_x64/man/man1/tnameserv.1	16716	0e04bb82e06e1fbc40e00d48fd93baebb46010a6280d54fd5ef78d7bf74a74d5
java/linux-amd64/zulu8.86.0.25-ca-fx-jdk8.0.452-linux_x64/man/man1/unpack200.1	5213	cf27f93112e69d045f15cb7592c41b306cc555f8a625802c6d80f579bd87de50
java/linux-amd64/zulu8.86.0.25-ca-fx-jdk8.0.452-linux_x64/man/man1/wsgen.1	6296	1d176ed12ce833f960ff070ab1dbe4858b1f81ccfda2067d55ff19c2322ce1ca
java/linux-amd64/zulu8.86.0.25-ca-fx-jdk8.0.452-linux_x64/man/man1/wsimport.1	7419	675525a52eab01eba7e7d345f784c8ae9740a3c384693470b38d7b916c16cc73
java/linux-amd64/zulu8.86.0.25-ca-fx-jdk8.0.452-linux_x64/man/man1/xjc.1	11324	087a40ab0766730fe6efe7abd98a52b917e07e7d7c145a141d0bbf9e9b169f94
java/linux-amd64/zulu8.86.0.25-ca-fx-jdk8.0.452-linux_x64/OPENJFX_LICENSE	19274	4b9abebc4338048a7c2dc184e9f800deb349366bdf28eb23c2677a77b4c87726
java/linux-amd64/zulu8.86.0.25-ca-fx-jdk8.0.452-linux_x64/openjfx-src.zip	6566380	43d7ac21560fac33afb863f552f6705ae784fb195d25ac45df1d0f586fad52ba
java/linux-amd64/zulu8.86.0.25-ca-fx-jdk8.0.452-linux_x64/OPENJFX_THIRD_PARTY_README	493136	8f7dd43838faea93755899040183c8316fd21b36d0af24b00bccc208e4428993
java/linux-amd64/zulu8.86.0.25-ca-fx-jdk8.0.452-linux_x64/readme.txt	865	c56683d1dd2dcd2ac5f3c4c526e9ddbee932c5a577bf2c55289fc225f426725a
java/linux-amd64/zulu8.86.0.25-ca-fx-jdk8.0.452-linux_x64/release	182	21302607ba10038beec6a04f57fa021f7b1b2fc420ae07da4f33783e2ea71d18
java/linux-amd64/zulu8.86.0.25-ca-fx-jdk8.0.452-linux_x64/sample/annotations/DependencyChecker/PluginChecker/src/checker/Device.java	2624	9bdc3bc6e27a5fb9c598ca11bb536f06af1fd2fa4151856fea85d1898e27dc21
java/linux-amd64/zulu8.86.0.25-ca-fx-jdk8.0.452-linux_x64/sample/annotations/DependencyChecker/PluginChecker/src/checker/Kettle.xml	2335	cad984be8fad05a9d9cb2d86c86a9f9c90a488b8b55eb9969ff9f01af29f2ded
java/linux-amd64/zulu8.86.0.25-ca-fx-jdk8.0.452-linux_x64/sample/annotations/DependencyChecker/PluginChecker/src/checker/Module.java	2061	f8238f15131c03083e1388cca3b5f9db4cf08fe61861603a9adc6334629a35d0
java/linux-amd64/zulu8.86.0.25-ca-fx-jdk8.0.452-linux_x64/sample/annotations/DependencyChecker/PluginChecker/src/checker/PluginChecker.java	6195	292a3b1d9594fa611647feb523e90979d70b853ae0be01fd42e4496794edb74b
java/linux-amd64/zulu8.86.0.25-ca-fx-jdk8.0.452-linux_x64/sample/annotations/DependencyChecker/PluginChecker/src/checker/RequireContainer.java	2179	5daae31e86aa8f2f8a900cfe64ad3122b561b46d57d214b4c6caa86560ab47c5
java/linux-amd64/zulu8.86.0.25-ca-fx-jdk8.0.452-linux_x64/sample/annotations/DependencyChecker/PluginChecker/src/checker/Require.java	3022	ecb8d8bbf26d900652ffa8de0b52b9ee752e81eaa8d15bcf0ede5c7b2b514056
java/linux-amd64/zulu8.86.0.25-ca-fx-jdk8.0.452-linux_x64/sample/annotations/DependencyChecker/Plugins/src/plugins/BoilerPlugin.java	3152	3d3842e4cab5092dde8526fee2e53489265f08c60d3229351eb00bc66a99663a
java/linux-amd64/zulu8.86.0.25-ca-fx-jdk8.0.452-linux_x64/sample/annotations/DependencyChecker/Plugins/src/plugins/ExtendedBoilerPlugin.java	2982	485838666681c025c43261defdf2d1627952b6cb8633bd37367f19c57131993e
java/linux-amd64/zulu8.86.0.25-ca-fx-jdk8.0.452-linux_x64/sample/annotations/DependencyChecker/Plugins/src/plugins/TimerPlugin.java	2582	c08a9fb11b01a6446fdc21d48f91fa61d1601bbb80f891d67ae8b2b5c23699d0
java/linux-amd64/zulu8.86.0.25-ca-fx-jdk8.0.452-linux_x64/sample/annotations/index.html	3433	ed9e7057998badc44d456c4e7d05281d181b2c6ec320ceb94c2cb546f989eb54
java/linux-amd64/zulu8.86.0.25-ca-fx-jdk8.0.452-linux_x64/sample/annotations/Validator/src/PositiveIntegerSupplier.java	2480	db8d3a6e8f2321982fc6285a7801f28b01e6e3a5ef094857db05ab8136bf17e9
java/linux-amd64/zulu8.86.0.25-ca-fx-jdk8.0.452-linux_x64/sample/annotations/Validator/src/SupplierValidator.java	2730	f59bc3be92a904a47ab136d0f4a3f685c6cb488e385bd9b1671770a91dc3b791
java/linux-amd64/zulu8.86.0.25-ca-fx-jdk8.0.452-linux_x64/sample/annotations/Validator/src/Validate.java	2797	19422989a228292f0e630e9c7a7b2e2badb103f554b326627ed3a1bbccf5c687
java/linux-amd64/zulu8.86.0.25-ca-fx-jdk8.0.452-linux_x64/sample/annotations/Validator/src/Validator.java	4060	32f9a0e60b2ec5a8ca40fbe74720eabc69e8d853bdc8cbd1a718ff489687a8da
java/linux-amd64/zulu8.86.0.25-ca-fx-jdk8.0.452-linux_x64/sample/forkjoin/mergesort/MergeDemo.java	11397	c99a9695a37307e37f5ceb3346291c947f88e77de0a2057f322d62fcd5d0c171
java/linux-amd64/zulu8.86.0.25-ca-fx-jdk8.0.452-linux_x64/sample/forkjoin/mergesort/MergeSort.java	5632	4fa6dd1ff4a5195959b3889ff02a4820d60e116a5cc28980a54db94ddc65a185
java/linux-amd64/zulu8.86.0.25-ca-fx-jdk8.0.452-linux_x64/sample/jmx/jmx-scandir/build.properties	1634	950705ee575d5bcedff131fda90796a140fed644f0b4485fd2fca96d1692a19c
java/linux-amd64/zulu8.86.0.25-ca-fx-jdk8.0.452-linux_x64/sample/jmx/jmx-scandir/build.xml	7417	11cad03f4e3f5787e38cf044eb71cf115ce3339d8203ce03054f3a8da87f5c70
java/linux-amd64/zulu8.86.0.25-ca-fx-jdk8.0.452-linux_x64/sample/jmx/jmx-scandir/docfiles/connect-local-ant-run.jpg	33121	5893eb84df5062a0d6ba7814d8d4fd2f50def6322389dc2883943d623dd01311
java/linux-amd64/zulu8.86.0.25-ca-fx-jdk8.0.452-linux_x64/sample/jmx/jmx-scandir/docfiles/connect-local-java-jar.jpg	30188	08fa1526840d3a96be183c5c65b3c52ae8923ed09136a6cb5582df4912a332d0
java/linux-amd64/zulu8.86.0.25-ca-fx-jdk8.0.452-linux_x64/sample/jmx/jmx-scandir/docfiles/connect-local.jpg	28942	b82738f7516ee55227766813a2979925ddc27ddf0c6fe0b8a1a1dac7c1b34741
java/linux-amd64/zulu8.86.0.25-ca-fx-jdk8.0.452-linux_x64/sample/jmx/jmx-scandir/docfiles/remote-connection-failed.jpg	30815	994eabaaf4b83590570ab70cd1567e926493dcadd9c008601d25c65a1960cd35
java/linux-amd64/zulu8.86.0.25-ca-fx-jdk8.0.452-linux_x64/sample/jmx/jmx-scandir/docfiles/remote-connection.jpg	27845	7f6d2917e9905e3dcb92cc383a215eee51f12fa841daf8ebe854173d4e9da584
java/linux-amd64/zulu8.86.0.25-ca-fx-jdk8.0.452-linux_x64/sample/jmx/jmx-scandir/docfiles/scandir-config.jpg	74983	c617ede6b57d90d43de23f78eec2cfd64a61843cdfb0a33e7bb5395c5aa7f8ff
java/linux-amd64/zulu8.86.0.25-ca-fx-jdk8.0.452-linux_x64/sample/jmx/jmx-scandir/docfiles/scandir-result.jpg	88344	8bed3eef4c29a099b139f5200930505b970a6937b44765b6bf49bbf3a596f83d
java/linux-amd64/zulu8.86.0.25-ca-fx-jdk8.0.452-linux_x64/sample/jmx/jmx-scandir/docfiles/scandir-start.jpg	70422	48ccff886c9628bd5ce1a7b49b3b95c1ef06295c67ebb3d87fe10d4a41c56ed2
java/linux-amd64/zulu8.86.0.25-ca-fx-jdk8.0.452-linux_x64/sample/jmx/jmx-scandir/index.html	107470	d81f4d4f6047a9a975e38e36ec53d32246c0b309d97cfd69b61fd6b152334d6f
java/linux-amd64/zulu8.86.0.25-ca-fx-jdk8.0.452-linux_x64/sample/jmx/jmx-scandir/keystore	1364	2a1266dc500758325cca808cc6fc2e1c912c558fab6ebb91d5c3c9a8b0b16dc0
java/linux-amd64/zulu8.86.0.25-ca-fx-jdk8.0.452-linux_x64/sample/jmx/jmx-scandir/logging.properties	482	eb80b3210a5f1cabee7695338cd21f1e03695f05f9ade0419917a08b28ba81bc
java/linux-amd64/zulu8.86.0.25-ca-fx-jdk8.0.452-linux_x64/sample/jmx/jmx-scandir/manifest.mf	82	aba13eb4e4d2c16f718c4db49e8fd5812a0064e0b12c52e147979240abd019a0
java/linux-amd64/zulu8.86.0.25-ca-fx-jdk8.0.452-linux_x64/sample/jmx/jmx-scandir/nbproject/file-targets.xml	2047	102067b80ba1bfe2ec083c14f8cc8c46a31bc5696853e2c7a0c10819d1209149
java/linux-amd64/zulu8.86.0.25-ca-fx-jdk8.0.452-linux_x64/sample/jmx/jmx-scandir/nbproject/jdk.xml	4218	5ab23acf89b98778b5885b46d500429e6906c4389cd4427d8d5bde6727bb6be3
java/linux-amd64/zulu8.86.0.25-ca-fx-jdk8.0.452-linux_x64/sample/jmx/jmx-scandir/nbproject/netbeans-targets.xml	3709	21694605753c849fadc975c3868fdedcdd7af7edc9a85b6aaf499942ac2e36a6
java/linux-amd64/zulu8.86.0.25-ca-fx-jdk8.0.452-linux_x64/sample/jmx/jmx-scandir/nbproject/project.xml	8938	ebe48b4e9b3f14bf399205dc6688752a2685a77019b9aa20768966821c645788
java/linux-amd64/zulu8.86.0.25-ca-fx-jdk8.0.452-linux_x64/sample/jmx/jmx-scandir/src/com/sun/jmx/examples/scandir/config/DirectoryScannerConfig.java	14134	c32720901652a29c08e08bb9b59843762debf08cad918573ab7c0d5f94847ee2
java/linux-amd64/zulu8.86.0.25-ca-fx-jdk8.0.452-linux_x64/sample/jmx/jmx-scandir/src/com/sun/jmx/examples/scandir/config/FileMatch.java	11601	f791e255d06fd56b81d6594bc11113aed9518ff3399a6397517b84a159c5268f
java/linux-amd64/zulu8.86.0.25-ca-fx-jdk8.0.452-linux_x64/sample/jmx/jmx-scandir/src/com/sun/jmx/examples/scandir/config/package.html	3094	51c444ab66e8c93a59f6ec424ab09816357d71dfa35385286e554f2b3b327a25
java/linux-amd64/zulu8.86.0.25-ca-fx-jdk8.0.452-linux_x64/sample/jmx/jmx-scandir/src/com/sun/jmx/examples/scandir/config/ResultLogConfig.java	6197	849b785801a922ba0e275e3cc755c2f441e62e67b3a4dcb2220f264e9e4f1f2d
java/linux-amd64/zulu8.86.0.25-ca-fx-jdk8.0.452-linux_x64/sample/jmx/jmx-scandir/src/com/sun/jmx/examples/scandir/config/ResultRecord.java	6880	20c21d6295e7fd965a8fce0ac74505ac8599432b79225c08fc20975deeaae05d
java/linux-amd64/zulu8.86.0.25-ca-fx-jdk8.0.452-linux_x64/sample/jmx/jmx-scandir/src/com/sun/jmx/examples/scandir/config/ScanManagerConfig.java	11413	bf10feeff6d80361e4d1a1e8808133a6d330331b85dd5a52179957b499bd60f2
java/linux-amd64/zulu8.86.0.25-ca-fx-jdk8.0.452-linux_x64/sample/jmx/jmx-scandir/src/com/sun/jmx/examples/scandir/config/XmlConfigUtils.java	14832	7882ab634282f500dc60b4beb91306f5e7489baa9f67d276c2250a53ce82ad83
java/linux-amd64/zulu8.86.0.25-ca-fx-jdk8.0.452-linux_x64/sample/jmx/jmx-scandir/src/com/sun/jmx/examples/scandir/DirectoryScanner.java	22655	b6ae106c01ddf69ad95db71073a29df86d6db96cbc68f78907f88a7ad763b39c
java/linux-amd64/zulu8.86.0.25-ca-fx-jdk8.0.452-linux_x64/sample/jmx/jmx-scandir/src/com/sun/jmx/examples/scandir/DirectoryScannerMXBean.java	7364	e33275b70cea07d319b30fd042e04228055198920d1a30cc9c5205c5c08ec9c2
java/linux-amd64/zulu8.86.0.25-ca-fx-jdk8.0.452-linux_x64/sample/jmx/jmx-scandir/src/com/sun/jmx/examples/scandir/package.html	1834	ee5382e5738f71dedbddfd9b252754df32b3d22f501026813693373927d48dbf
java/linux-amd64/zulu8.86.0.25-ca-fx-jdk8.0.452-linux_x64/sample/jmx/jmx-scandir/src/com/sun/jmx/examples/scandir/ResultLogManager.java	19636	b66b30aaa8197765eacd9e4f497588ae0da209030d8723c863718ef6d4544dc7
java/linux-amd64/zulu8.86.0.25-ca-fx-jdk8.0.452-linux_x64/sample/jmx/jmx-scandir/src/com/sun/jmx/examples/scandir/ResultLogManagerMXBean.java	11676	8990c6df649d2ae17a0f8c5748b1c0d734237ce2df226522613334b21499812c
java/linux-amd64/zulu8.86.0.25-ca-fx-jdk8.0.452-linux_x64/sample/jmx/jmx-scandir/src/com/sun/jmx/examples/scandir/ScanDirAgent.java	9219	9c5ab31aebb1140f1bcaffa78593315a2843e159d6317a785c370fd1458a755a
java/linux-amd64/zulu8.86.0.25-ca-fx-jdk8.0.452-linux_x64/sample/jmx/jmx-scandir/src/com/sun/jmx/examples/scandir/ScanDirClient.java	8480	c514e94b1e80fdb4ef421cb5bd8746d47146b8c8bc7bb44cc48c1fd7db4e9646
java/linux-amd64/zulu8.86.0.25-ca-fx-jdk8.0.452-linux_x64/sample/jmx/jmx-scandir/src/com/sun/jmx/examples/scandir/ScanDirConfig.java	17249	374c9c9892a29c4aa996a751dc181e4ca7918ddbab15c1f95fd5a698656754ba
java/linux-amd64/zulu8.86.0.25-ca-fx-jdk8.0.452-linux_x64/sample/jmx/jmx-scandir/src/com/sun/jmx/examples/scandir/ScanDirConfigMXBean.java	15392	56b259249c7f2878ba9db88fbe88a474c4f2e41e6a2bd2ca9738ae17a90cbb64
java/linux-amd64/zulu8.86.0.25-ca-fx-jdk8.0.452-linux_x64/sample/jmx/jmx-scandir/src/com/sun/jmx/examples/scandir/ScanManager.java	45248	1f0d766456d6430efec9ea142b29b1ad32fcd8895d8211e4a7ba097bb7e39e73
java/linux-amd64/zulu8.86.0.25-ca-fx-jdk8.0.452-linux_x64/sample/jmx/jmx-scandir/src/com/sun/jmx/examples/scandir/ScanManagerMXBean.java	14006	bd8bd4e0900948f49dcf2c3e70f3904be0ff0f318fb3993cb9361bce0a45306d
java/linux-amd64/zulu8.86.0.25-ca-fx-jdk8.0.452-linux_x64/sample/jmx/jmx-scandir/src/etc/access.properties	2392	f46c24606cc526e4a85f9ef9024d993cb8e158b2c45fa2ff9f5643f5fb92b7a4
java/linux-amd64/zulu8.86.0.25-ca-fx-jdk8.0.452-linux_x64/sample/jmx/jmx-scandir/src/etc/management.properties	11895	d3bef7ea6c3ce9bbda0126979d94ee214bb9d7aaa33f59c97634f56961f2cfb2
java/linux-amd64/zulu8.86.0.25-ca-fx-jdk8.0.452-linux_x64/sample/jmx/jmx-scandir/src/etc/password.properties	2462	69665659f9bc27469da4954c7c306bef3741c0c2d03d0920ca906a18b8664360
java/linux-amd64/zulu8.86.0.25-ca-fx-jdk8.0.452-linux_x64/sample/jmx/jmx-scandir/src/etc/testconfig.xml	2399	663735bef5f866e10d4a374494f25cd1eef12ba212f76a644e277db1d5d64f94
java/linux-amd64/zulu8.86.0.25-ca-fx-jdk8.0.452-linux_x64/sample/jmx/jmx-scandir/test/com/sun/jmx/examples/scandir/config/XmlConfigUtilsTest.java	4060	5fae28015ad81c2564690c83db84d980158ec055d4f2f9caaf0ab73901e01548
java/linux-amd64/zulu8.86.0.25-ca-fx-jdk8.0.452-linux_x64/sample/jmx/jmx-scandir/test/com/sun/jmx/examples/scandir/DirectoryScannerTest.java	12731	11024596aeeab4c673be05bf1b2c39d65cc22d78aa8cf9952e5215207c5f162f
java/linux-amd64/zulu8.86.0.25-ca-fx-jdk8.0.452-linux_x64/sample/jmx/jmx-scandir/test/com/sun/jmx/examples/scandir/ScanDirConfigTest.java	12806	17e1c7cc5c5f1e0a7fad6cee2a3255debbf8c3c4ca387c3b162b978ba49b1e2f
java/linux-amd64/zulu8.86.0.25-ca-fx-jdk8.0.452-linux_x64/sample/jmx/jmx-scandir/test/com/sun/jmx/examples/scandir/ScanManagerTest.java	13356	aa3b804425b1d8ae56ee63138f354d9d6f976590d8108ae165a66543a5616f33
java/linux-amd64/zulu8.86.0.25-ca-fx-jdk8.0.452-linux_x64/sample/jmx/jmx-scandir/test/com/sun/jmx/examples/scandir/TestUtils.java	4523	f2ff7ef7bcd466b0e61cc8baeb4f5272035110835aae735f5e7513aa12eb488e
java/linux-amd64/zulu8.86.0.25-ca-fx-jdk8.0.452-linux_x64/sample/jmx/jmx-scandir/truststore	661	419c6009437117d4471dd64c1a01a288155ed46eb749036dd71b07ad5c55f77c
java/linux-amd64/zulu8.86.0.25-ca-fx-jdk8.0.452-linux_x64/sample/lambda/BulkDataOperations/index.html	1445	a6718b7f94bfadf061533deccf43a005b31187208f5f8e7e67d7b603df38c22d
java/linux-amd64/zulu8.86.0.25-ca-fx-jdk8.0.452-linux_x64/sample/lambda/BulkDataOperations/src/CSVProcessor.java	14394	ac9023d9f0971d3fe89249c3ff9299d39785243c86d46fb7c331cddda6ac4e91
java/linux-amd64/zulu8.86.0.25-ca-fx-jdk8.0.452-linux_x64/sample/lambda/BulkDataOperations/src/Grep.java	7426	882124ee037f9acea4ffd031a086092eaad4775ce038a6ab5ea3b6f6df1234b9
java/linux-amd64/zulu8.86.0.25-ca-fx-jdk8.0.452-linux_x64/sample/lambda/BulkDataOperations/src/PasswordGenerator.java	4309	2ceac7328ce4a443d5891ed7068055785319153bef12972a9612f3fd14024491
java/linux-amd64/zulu8.86.0.25-ca-fx-jdk8.0.452-linux_x64/sample/lambda/BulkDataOperations/src/WC.java	8525	124d34323f21c2bf738b9ddd6a3cb06f98aed9f8ac796447e61bfa299fe65401
java/linux-amd64/zulu8.86.0.25-ca-fx-jdk8.0.452-linux_x64/sample/lambda/DefaultMethods/ArrayIterator.java	4342	6ff9730d8445e99fcf7367670e10796872befb6983f323db6124aabbb5476fb9
java/linux-amd64/zulu8.86.0.25-ca-fx-jdk8.0.452-linux_x64/sample/lambda/DefaultMethods/DiamondInheritance.java	4735	11f10e611a9a782c2d33ebaf725550d126662301e26932d41441bff658625343
java/linux-amd64/zulu8.86.0.25-ca-fx-jdk8.0.452-linux_x64/sample/lambda/DefaultMethods/Inheritance.java	5045	9f46d9d3c6059ec317585d6ff8f6b4b6551171682d8626059da7b74602058334
java/linux-amd64/zulu8.86.0.25-ca-fx-jdk8.0.452-linux_x64/sample/lambda/DefaultMethods/MixIn.java	4057	0b45cfc8dbb7ef8ca255d1e10a385845784f01326fa95f769e060f9d526cf54d
java/linux-amd64/zulu8.86.0.25-ca-fx-jdk8.0.452-linux_x64/sample/lambda/DefaultMethods/Reflection.java	5092	d22ec72b66a89c95a82b9a1db8261a45b487de2a7e673f72454b55e2d63a21e2
java/linux-amd64/zulu8.86.0.25-ca-fx-jdk8.0.452-linux_x64/sample/lambda/DefaultMethods/SimplestUsage.java	3271	a7678717dcb353faaef21c6143b0b7ba44e0978852a6d0f7f5894513cad0dbea
java/linux-amd64/zulu8.86.0.25-ca-fx-jdk8.0.452-linux_x64/sample/nbproject/project.xml	2217	8eba744018e2d6b5ea43d8396bc8d412415e4824966dcf99eca651bc5f67fc66
java/linux-amd64/zulu8.86.0.25-ca-fx-jdk8.0.452-linux_x64/sample/nio/chatserver/ChatServer.java	7061	fc71171eecea787c38e5126b7d4e335cd118621dbd3927180c9a111808cc04e9
java/linux-amd64/zulu8.86.0.25-ca-fx-jdk8.0.452-linux_x64/sample/nio/chatserver/Client.java	6806	37a175b507638f836af9ff2ad97e014dd95a2dd855386d88cc80e80312f85ee3
java/linux-amd64/zulu8.86.0.25-ca-fx-jdk8.0.452-linux_x64/sample/nio/chatserver/ClientReader.java	3588	20be34b3d254c05d3508d9f9232be9013cc7ad91b61baab40b960e0f06bad248
java/linux-amd64/zulu8.86.0.25-ca-fx-jdk8.0.452-linux_x64/sample/nio/chatserver/DataReader.java	2107	61dcda7468a77642cdcdea93e216471acc12e51f780b204cdd2de7caf3ddc4e6
java/linux-amd64/zulu8.86.0.25-ca-fx-jdk8.0.452-linux_x64/sample/nio/chatserver/MessageReader.java	3279	13ff48e11633d90f5df8d3646d96bf292eae5f7a42f7b5156ba6c1165f92f12c
java/linux-amd64/zulu8.86.0.25-ca-fx-jdk8.0.452-linux_x64/sample/nio/chatserver/NameReader.java	4570	3ae6954013857993e3d6a00210dcfe392e77ed45892458eafb18261a7351dba6
java/linux-amd64/zulu8.86.0.25-ca-fx-jdk8.0.452-linux_x64/sample/nio/chatserver/README.txt	2098	87c4b3e2a8f39b3ca42749e10002a6fc0dbf0cd1e83d1a8b78af634f4acf5399
java/linux-amd64/zulu8.86.0.25-ca-fx-jdk8.0.452-linux_x64/sample/nio/file/AclEdit.java	10821	a983c4fbcdf7f90cbdd53346368b8f9d73ff0c1968f1c080dd986dfdeb17a3d0
java/linux-amd64/zulu8.86.0.25-ca-fx-jdk8.0.452-linux_x64/sample/nio/file/Chmod.java	12883	202aead05b606004aeb5036d1ce53c4f671707f352cf22e9e0c51937f78e0a80
java/linux-amd64/zulu8.86.0.25-ca-fx-jdk8.0.452-linux_x64/sample/nio/file/Copy.java	8206	706e757cc9f0cba101f360ec159eb42a38c01afda62ae97c816ca76a6a986ba9
java/linux-amd64/zulu8.86.0.25-ca-fx-jdk8.0.452-linux_x64/sample/nio/file/DiskUsage.java	3184	9521625b14a13fd4b7d635321b9a3262c64feb4dbf1f296c5d3131bf254f8258
java/linux-amd64/zulu8.86.0.25-ca-fx-jdk8.0.452-linux_x64/sample/nio/file/FileType.java	2619	ef6c141d5054adf74851c7b3c674d211f4dc2612a8a4886946a07abe2e9b8f93
java/linux-amd64/zulu8.86.0.25-ca-fx-jdk8.0.452-linux_x64/sample/nio/file/WatchDir.java	6295	33ce0ec4d53cd7e87931e19a7b4a42b72054eec7f68d53a00fc0c22fdfd2c084
java/linux-amd64/zulu8.86.0.25-ca-fx-jdk8.0.452-linux_x64/sample/nio/file/Xdd.java	4612	240a766ec961d2f4eb4efa2f81a86563dd92019014d36c564b53aa7f3e4bf071
java/linux-amd64/zulu8.86.0.25-ca-fx-jdk8.0.452-linux_x64/sample/nio/multicast/MulticastAddress.java	4945	df2a1b781dd7610c9bb7b26dcca5b46d74f552e4481bce8cd695edd74f59e6dc
java/linux-amd64/zulu8.86.0.25-ca-fx-jdk8.0.452-linux_x64/sample/nio/multicast/Reader.java	5802	83eacd99e65bd99e2dc738633df70a195b1b315a55fc9ce352da4d6eafbcc06b
java/linux-amd64/zulu8.86.0.25-ca-fx-jdk8.0.452-linux_x64/sample/nio/multicast/Sender.java	3107	8ba0153d933ba6bf95209071fa182844098d3bfbb664dddf7d93f631df1e2a47
java/linux-amd64/zulu8.86.0.25-ca-fx-jdk8.0.452-linux_x64/sample/nio/server/AcceptHandler.java	3101	50d28d7f5083fadb64f79250c47fa6e449d6c97980933ed3502bf0e591a063f9
java/linux-amd64/zulu8.86.0.25-ca-fx-jdk8.0.452-linux_x64/sample/nio/server/Acceptor.java	3143	a3284eea056d581d7c1d2a3084accdfe86b109c1075b50a1f2b1c65428a72d79
java/linux-amd64/zulu8.86.0.25-ca-fx-jdk8.0.452-linux_x64/sample/nio/server/B1.java	2717	c56977e1bc85347bac666bb3ae52f4cf46cd978b6e044f74ba76334852f99fdb
java/linux-amd64/zulu8.86.0.25-ca-fx-jdk8.0.452-linux_x64/sample/nio/server/BN.java	2814	57dc130115d9f52a9b60b01ed5b532a668a78d8460e5803ae74ccb862ec8c081
java/linux-amd64/zulu8.86.0.25-ca-fx-jdk8.0.452-linux_x64/sample/nio/server/BP.java	2971	6c506d48b8391266e83a2f8e6cca4e5845793aef5af1d9b47111b930786c986e
java/linux-amd64/zulu8.86.0.25-ca-fx-jdk8.0.452-linux_x64/sample/nio/server/ChannelIO.java	5975	4ba27aa31a5ef1cc5d461dfa7107b8d58cc323c7ca028d2096c89ce60cd8f468
java/linux-amd64/zulu8.86.0.25-ca-fx-jdk8.0.452-linux_x64/sample/nio/server/ChannelIOSecure.java	20907	025fd9d1f487bc8b5f21d2684e19e2f464f5da9e134adb6924b2580fda3c0b85
java/linux-amd64/zulu8.86.0.25-ca-fx-jdk8.0.452-linux_x64/sample/nio/server/Content.java	2233	b8828550dbe3359f216b61345c54016f4d298f8478e88e1ee47927165c7806e4
java/linux-amd64/zulu8.86.0.25-ca-fx-jdk8.0.452-linux_x64/sample/nio/server/Dispatcher1.java	3010	e72e9fbb412fa03082a5dc97035520aa3cfd8387fecc6627b0d06f201495fa26
java/linux-amd64/zulu8.86.0.25-ca-fx-jdk8.0.452-linux_x64/sample/nio/server/Dispatcher.java	2280	4e84e9f4c7ece024019730327fc75249ec8d06d7ad11235520cf6da022053939
java/linux-amd64/zulu8.86.0.25-ca-fx-jdk8.0.452-linux_x64/sample/nio/server/DispatcherN.java	3118	5315dcd013d8ca6de174ce3ef655a872b7942f17f55d1a8659f9832ebfbfe5e5
java/linux-amd64/zulu8.86.0.25-ca-fx-jdk8.0.452-linux_x64/sample/nio/server/FileContent.java	3906	e33225898782e365b77bde75f3133d8b367a85c09f80d1e0ff096911f45e76b7
java/linux-amd64/zulu8.86.0.25-ca-fx-jdk8.0.452-linux_x64/sample/nio/server/Handler.java	2143	aa723153394f85a7b9e6c4fc841d82ba255eac4c6ead2a49023efb5200b49c83
java/linux-amd64/zulu8.86.0.25-ca-fx-jdk8.0.452-linux_x64/sample/nio/server/MalformedRequestException.java	2284	d12117bd1718a2d5e45c35a944a782f17c1ac6bed7836e842de93e19f6d19bc9
java/linux-amd64/zulu8.86.0.25-ca-fx-jdk8.0.452-linux_x64/sample/nio/server/N1.java	2604	44939c6fed90afc28aec39398a7dbeb576df3349a24c8435bea7727890d20c27
java/linux-amd64/zulu8.86.0.25-ca-fx-jdk8.0.452-linux_x64/sample/nio/server/N2.java	2462	23410d57be10b904bb131f93d293d1e9c0e79fd4e7b69797c77429ef70018233
java/linux-amd64/zulu8.86.0.25-ca-fx-jdk8.0.452-linux_x64/sample/nio/server/README.txt	10320	b31a8dbe756097f250ac0bdef0af23787b9977b7d8f3060c70596a5a8bc46f0b
java/linux-amd64/zulu8.86.0.25-ca-fx-jdk8.0.452-linux_x64/sample/nio/server/Reply.java	4515	5060962ed0c46eea0af29e6e1ad679f871d1001951db73b28bdfefd95577dc5a
java/linux-amd64/zulu8.86.0.25-ca-fx-jdk8.0.452-linux_x64/sample/nio/server/RequestHandler.java	6566	a61adac98bb8d8ed2a02d9fa484739f5e810fddbd823eb5475f5c0f682df12e0
java/linux-amd64/zulu8.86.0.25-ca-fx-jdk8.0.452-linux_x64/sample/nio/server/Request.java	5383	95fb3f764bc1c857feaa45b14307b64f22d836ac90c1a2086c203dade57e003d
java/linux-amd64/zulu8.86.0.25-ca-fx-jdk8.0.452-linux_x64/sample/nio/server/RequestServicer.java	5268	e0fabac3f1eb45385a2950c155d3e3472b59b6e479a2b1e6655910d4d825c228
java/linux-amd64/zulu8.86.0.25-ca-fx-jdk8.0.452-linux_x64/sample/nio/server/Sendable.java	2403	3b59807fed795c58728d0a9d3d81dc2341a8a385e1800bc1058a6847a0114e1a
java/linux-amd64/zulu8.86.0.25-ca-fx-jdk8.0.452-linux_x64/sample/nio/server/Server.java	6277	ca17aeaf87d3fc2fe04b994462d6d893cd3d6fa5efcbb80558f7acb4092131c3
java/linux-amd64/zulu8.86.0.25-ca-fx-jdk8.0.452-linux_x64/sample/nio/server/StringContent.java	3397	dd875de80acc3ef24535bd339f59bf17a85d49e7cf9c28534dc3a853a7fa41e4
java/linux-amd64/zulu8.86.0.25-ca-fx-jdk8.0.452-linux_x64/sample/nio/server/URLDumper.java	2836	5c35804d270b05998638de702895d32fc0ffadd24d315a1a65740480bc29f59f
java/linux-amd64/zulu8.86.0.25-ca-fx-jdk8.0.452-linux_x64/sample/README	338	13a21b439a9ead401bb28c54bb89e98db1596fdb719fece1262ad77ce66d0e6a
java/linux-amd64/zulu8.86.0.25-ca-fx-jdk8.0.452-linux_x64/sample/scripting/scriptpad/build.properties	375	f891c46ddbae5d78044cee0b1bb34566aebb37b5adcb70a65dd2c18e8619985d
java/linux-amd64/zulu8.86.0.25-ca-fx-jdk8.0.452-linux_x64/sample/scripting/scriptpad/build.xml	3803	71e52d2adb88655a33175cac27534a06b703b3002562a9d9afb057c3d31de8eb
java/linux-amd64/zulu8.86.0.25-ca-fx-jdk8.0.452-linux_x64/sample/scripting/scriptpad/nbproject/file-targets.xml	2045	fd1d0a3080059f9e3222ab842d4c23b9d6ce6dab32d05dbbc047461261573571
java/linux-amd64/zulu8.86.0.25-ca-fx-jdk8.0.452-linux_x64/sample/scripting/scriptpad/nbproject/jdk.xml	4218	5ab23acf89b98778b5885b46d500429e6906c4389cd4427d8d5bde6727bb6be3
java/linux-amd64/zulu8.86.0.25-ca-fx-jdk8.0.452-linux_x64/sample/scripting/scriptpad/nbproject/netbeans-targets.xml	3500	669269e4c502f942153b4996cdfde50d04e75574cb08e81a76442fe1cebd059d
java/linux-amd64/zulu8.86.0.25-ca-fx-jdk8.0.452-linux_x64/sample/scripting/scriptpad/nbproject/project.xml	7444	5a72f747b4f64fbe0300a86ffea273a0683851cc2213c6ce079ed7a25c5318be
java/linux-amd64/zulu8.86.0.25-ca-fx-jdk8.0.452-linux_x64/sample/scripting/scriptpad/README.txt	4102	447460280a6c81a472bf648d052e7152d7c82821b1b14049d458fefe82f40409
java/linux-amd64/zulu8.86.0.25-ca-fx-jdk8.0.452-linux_x64/sample/scripting/scriptpad/src/com/sun/sample/scriptpad/Main.java	3441	1f0afbb449bce4cdbb37a7ea490b8125d9289f15aa500568f5e426fc0a10f2a0
java/linux-amd64/zulu8.86.0.25-ca-fx-jdk8.0.452-linux_x64/sample/scripting/scriptpad/src/META-INF/manifest.mf	43	0046c4725ee858616749895f1c580903810fcd574eb469bbce141ce1f706ad08
java/linux-amd64/zulu8.86.0.25-ca-fx-jdk8.0.452-linux_x64/sample/scripting/scriptpad/src/resources/conc.js	9772	e8adfdf05881632392b40f30eadf615b285c49b134df8d3fd2375fb1c850f09d
java/linux-amd64/zulu8.86.0.25-ca-fx-jdk8.0.452-linux_x64/sample/scripting/scriptpad/src/resources/gui.js	8345	a3a6ad74d429c83f2afe3e8f11ac4d0510d729785e2d3664fa0810c7db03b9b5
java/linux-amd64/zulu8.86.0.25-ca-fx-jdk8.0.452-linux_x64/sample/scripting/scriptpad/src/resources/Main.js	2100	8d1b94efcdce2b0f66cf1859bc02a3ab3888d437308825809b99ebd8bddbcf0e
java/linux-amd64/zulu8.86.0.25-ca-fx-jdk8.0.452-linux_x64/sample/scripting/scriptpad/src/resources/mm.js	11129	795b3f9e0229e540d0a5c3b8e2dbc83efd92bf9ee79ab5401b515f0e37997ec0
java/linux-amd64/zulu8.86.0.25-ca-fx-jdk8.0.452-linux_x64/sample/scripting/scriptpad/src/resources/scriptpad.js	22382	b8b3caf773af83bb7516f601c9fd3e8864d515981c7be36a5785dbc0b1948146
java/linux-amd64/zulu8.86.0.25-ca-fx-jdk8.0.452-linux_x64/sample/scripting/scriptpad/src/scripts/browse.js	2834	2cca82b6d3460cb7cff983421596c9c1675f270cf5412578feb17b97b7bf204a
java/linux-amd64/zulu8.86.0.25-ca-fx-jdk8.0.452-linux_x64/sample/scripting/scriptpad/src/scripts/insertfile.js	2930	f913d131cdd70ced6f0bfcdc973646a61da60083c38ee64a0605264618f392fe
java/linux-amd64/zulu8.86.0.25-ca-fx-jdk8.0.452-linux_x64/sample/scripting/scriptpad/src/scripts/linewrap.js	2243	fe815e4621f8ae816757e428dd2ff77b2cde4ac452d5766c5b8581133e8871f1
java/linux-amd64/zulu8.86.0.25-ca-fx-jdk8.0.452-linux_x64/sample/scripting/scriptpad/src/scripts/mail.js	2797	a3bb13c32aa77445da4c3ad4562d8be6ba51088cf77d5819b251dec6a29988bd
java/linux-amd64/zulu8.86.0.25-ca-fx-jdk8.0.452-linux_x64/sample/scripting/scriptpad/src/scripts/memmonitor.js	3055	3c11d3984c482428e7511e8b2b29a3e10ecc20f02fa1798ae3dee114fa510937
java/linux-amd64/zulu8.86.0.25-ca-fx-jdk8.0.452-linux_x64/sample/scripting/scriptpad/src/scripts/memory.bat	1796	976e2b445089a4a77278935e9c51ce12d22026b9710bc03c158d7a2731e85be1
java/linux-amd64/zulu8.86.0.25-ca-fx-jdk8.0.452-linux_x64/sample/scripting/scriptpad/src/scripts/memory.js	2382	f8160b887dbb3ee593cd150e0c5b06eb01d6614a622c4dad9972eb86897418ef
java/linux-amd64/zulu8.86.0.25-ca-fx-jdk8.0.452-linux_x64/sample/scripting/scriptpad/src/scripts/memory.sh	1740	5db26f962e5bb948d61f5f3aa12c9bbb5598ca8fd2d4011e3b8ae140bb1eb246
java/linux-amd64/zulu8.86.0.25-ca-fx-jdk8.0.452-linux_x64/sample/scripting/scriptpad/src/scripts/README.txt	1827	55b70d182f421150cf3e60010c4b94b1f5938b5329ab2f5388f7c0bff91f55c5
java/linux-amd64/zulu8.86.0.25-ca-fx-jdk8.0.452-linux_x64/sample/scripting/scriptpad/src/scripts/textcolor.js	2354	70aed0cf687a2ab66601c14fc782528b36ff7137758c3238e51374cc49ff4ce7
java/linux-amd64/zulu8.86.0.25-ca-fx-jdk8.0.452-linux_x64/sample/try-with-resources/index.html	986	8492321176b8d2433cce5b1046c604d350abaa9635a7bc934a92d859d8d49411
java/linux-amd64/zulu8.86.0.25-ca-fx-jdk8.0.452-linux_x64/sample/try-with-resources/src/CustomAutoCloseableSample.java	5184	649682f7a08c17cba01ec074f6d880d117fbfe87aa23c19536dbac09697296fa
java/linux-amd64/zulu8.86.0.25-ca-fx-jdk8.0.452-linux_x64/sample/try-with-resources/src/Unzip.java	3372	c9c27f0431ba7663d98504ec8ba6a169c218b413c9af0096a1101ef76989db37
java/linux-amd64/zulu8.86.0.25-ca-fx-jdk8.0.452-linux_x64/sample/try-with-resources/src/ZipCat.java	3367	7dd5f8bcbd5f47eea6bd75c4a8d283ab7bd022452190757fe92d810cd65133b0
java/linux-amd64/zulu8.86.0.25-ca-fx-jdk8.0.452-linux_x64/src.zip	52777460	5fec274c617cf2c55260ebaf762d0b9b756f8edca9e9e6c0687aa22d0cfdb755
java/linux-amd64/zulu8.86.0.25-ca-fx-jdk8.0.452-linux_x64/THIRD_PARTY_README	161680	2a97708a1cd8f0b3b5521eac5784d36a6ae7b082962541a4b702e893419d8618
java/linux-amd64/zulu8.86.0.25-ca-fx-jdk8.0.452-linux_x64/Welcome.html	1212	d1506243045a943e5c5c7950f9aa5b0a0f2c6c1181d48b0cdecf994570c794e5
lib/Java-8	96	a99f040ca0f51f3707cf80799faf0a2ba31e102cb820ca3c87dd8b9a3b94aa51
lib/linux64/libblosc.so	951032	484b91e28501a02a34515df18a9e8f8e03e62977f7c2f6725386dd858823cb6a
lib/linux64/libblosc.so.1	951032	484b91e28501a02a34515df18a9e8f8e03e62977f7c2f6725386dd858823cb6a
licenses/blosc.txt	1644	05cc09a42b9ec8ba3e8b33b605f940a302d171df103753d5809791ce3cef3271
licenses/com.amazonaws.aws-java-sdk-core_apache_license,_version_2.0.html	44038	7b181034528cdfc251fb4932aad10b598398c4759e8d74bdc38192d799b41fb5
licenses/com.amazonaws.aws-java-sdk-kms_apache_license,_version_2.0	44038	7b181034528cdfc251fb4932aad10b598398c4759e8d74bdc38192d799b41fb5
licenses/com.amazonaws.aws-java-sdk-s3_apache_license,_version_2.0	44038	7b181034528cdfc251fb4932aad10b598398c4759e8d74bdc38192d799b41fb5
licenses/com.amazonaws.jmespath-java_apache_license,_version_2.0	44038	7b181034528cdfc251fb4932aad10b598398c4759e8d74bdc38192d799b41fb5
licenses/com.fasterxml.jackson.core.jackson-annotations_the_apache_software_license,_version_2.0.txt	11358	cfc7749b96f63bd31c3c42b5c471bf756814053e847c10f3eb003417bc523d30
licenses/com.fasterxml.jackson.core.jackson-core_the_apache_software_license,_version_2.0.txt	11358	cfc7749b96f63bd31c3c42b5c471bf756814053e847c10f3eb003417bc523d30
licenses/com.fasterxml.jackson.core.jackson-databind_the_apache_software_license,_version_2.0	11358	cfc7749b96f63bd31c3c42b5c471bf756814053e847c10f3eb003417bc523d30
licenses/com.fasterxml.jackson.dataformat.jackson-dataformat-cbor_the_apache_software_license,_version_2.0	11358	cfc7749b96f63bd31c3c42b5c471bf756814053e847c10f3eb003417bc523d30
licenses/com.google.api.api-common_bsd.html	75295	fb523ab1c0c21ff07c73d57af2061043e6ab92d4d8737f19a908bcead60c4dec
licenses/com.google.api-client.google-api-client_the_apache_software_license,_version_2.0	11358	cfc7749b96f63bd31c3c42b5c471bf756814053e847c10f3eb003417bc523d30
licenses/com.google.api.gax_bsd	78718	fee2ef3469259d7a9dc87282260e42cd645fbe7c880465182ed300b4a9f7bdeb
licenses/com.google.api.gax-httpjson_bsd.html	78718	fee2ef3469259d7a9dc87282260e42cd645fbe7c880465182ed300b4a9f7bdeb
licenses/com.google.api.grpc.proto-google-common-protos_apache-2.0.txt	11358	cfc7749b96f63bd31c3c42b5c471bf756814053e847c10f3eb003417bc523d30
licenses/com.google.api.grpc.proto-google-iam-v1_apache-2.0	11358	cfc7749b96f63bd31c3c42b5c471bf756814053e847c10f3eb003417bc523d30
licenses/com.google.apis.google-api-services-cloudresourcemanager_the_apache_software_license,_version_2.0	11358	cfc7749b96f63bd31c3c42b5c471bf756814053e847c10f3eb003417bc523d30
licenses/com.google.apis.google-api-services-storage_the_apache_software_license,_version_2.0	11358	cfc7749b96f63bd31c3c42b5c471bf756814053e847c10f3eb003417bc523d30
licenses/com.google.auth.google-auth-library-credentials_bsd_new_license.html	30988	2e6383a21d53cbd7025ceb48803e5e2e6cfd96df6da44340d8dfec1f38412c7a
licenses/com.google.auth.google-auth-library-oauth2-http_bsd_new_license	30988	2e6383a21d53cbd7025ceb48803e5e2e6cfd96df6da44340d8dfec1f38412c7a
licenses/com.google.auto.value.auto-value-annotations_apache_2.0	11358	cfc7749b96f63bd31c3c42b5c471bf756814053e847c10f3eb003417bc523d30
licenses/com.google.cloud.google-cloud-core_apache-2.0	11358	cfc7749b96f63bd31c3c42b5c471bf756814053e847c10f3eb003417bc523d30
licenses/com.google.cloud.google-cloud-core-http_apache-2.0	11358	cfc7749b96f63bd31c3c42b5c471bf756814053e847c10f3eb003417bc523d30
licenses/com.google.cloud.google-cloud-resourcemanager_apache-2.0	11358	cfc7749b96f63bd31c3c42b5c471bf756814053e847c10f3eb003417bc523d30
licenses/com.google.cloud.google-cloud-storage_apache-2.0	11358	cfc7749b96f63bd31c3c42b5c471bf756814053e847c10f3eb003417bc523d30
licenses/com.google.code.findbugs.jsr305_the_apache_software_license,_version_2.0	11358	cfc7749b96f63bd31c3c42b5c471bf756814053e847c10f3eb003417bc523d30
licenses/com.google.errorprone.error_prone_annotations_apache_2.0	11358	cfc7749b96f63bd31c3c42b5c471bf756814053e847c10f3eb003417bc523d30
licenses/com.google.http-client.google-http-client-appengine_the_apache_software_license,_version_2.0	11358	cfc7749b96f63bd31c3c42b5c471bf756814053e847c10f3eb003417bc523d30
licenses/com.google.http-client.google-http-client-jackson2_the_apache_software_license,_version_2.0	11358	cfc7749b96f63bd31c3c42b5c471bf756814053e847c10f3eb003417bc523d30
licenses/com.google.http-client.google-http-client_the_apache_software_license,_version_2.0	11358	cfc7749b96f63bd31c3c42b5c471bf756814053e847c10f3eb003417bc523d30
licenses/com.google.oauth-client.google-oauth-client_the_apache_software_license,_version_2.0	11358	cfc7749b96f63bd31c3c42b5c471bf756814053e847c10f3eb003417bc523d30
licenses/com.google.protobuf.protobuf-java_3-clause_bsd_license	30988	2e6383a21d53cbd7025ceb48803e5e2e6cfd96df6da44340d8dfec1f38412c7a
licenses/com.google.protobuf.protobuf-java-util_3-clause_bsd_license.html	30988	2e6383a21d53cbd7025ceb48803e5e2e6cfd96df6da44340d8dfec1f38412c7a
licenses/io.grpc.grpc-context_apache_2.0.html	39892	46aebf15214232e22ac5140307c8b78ff552f1f55f5a73bc4588b14204c78885
licenses/jackson-annotations.txt	317	42e5c0211418c291f9dfbdf995deafbf11e99fc50e64b37bcf0ac770add16a7d
licenses/jackson-core.txt	332	ad819feaca26ebefb84db3be5de18acdb20b3b41d5652aadee0c7c150fa32d89
licenses/javax.annotation.javax.annotation-api_cddl_+_gplv2_with_classpath_exception.html	247063	505fff3d01d0ffb98112985aa76f0b7bc3ac115cd12dccca2cb7eb4f56ae87bb
licenses/lz4.txt	1525	1cdfe58505a7a0ed1df18bfc56bd2779f150d1d77f08d8cd6f3944aa0e702b12
licenses/n5.txt	1335	373006dd11cd5ea1f9321f9b2c78c46f165ad4bdace8bace55093a29431e43fc
licenses/org.apache.commons.commons-compress_apache_license,_version_2.0	11358	cfc7749b96f63bd31c3c42b5c471bf756814053e847c10f3eb003417bc523d30
licenses/org.threeten.threetenbp_bsd_3-clause.txt	1520	d1bc53b493a3ab387b42717ed5c4b1976a5048996f81154278100bff86d39331
licenses/snappy.txt	1890	235d5a6ce26810976f06ce3b03e942712b80bd91471636a3cb2069d84fed9642
licenses/software.amazon.ion.ion-java_the_apache_license,_version_2.0	11358	cfc7749b96f63bd31c3c42b5c471bf756814053e847c10f3eb003417bc523d30
licenses/zlib.txt	1215	b8dc97ec24faf95f0f30bf2ab721dbdc30b32de1aa4a2a5853e56551c59d6f04
licenses/zstd.txt	1530	2c1a7fa704df8f3a606f6fc010b8b5aaebf403f3aeec339a12048f1ba7331a0b
luts/16_colors.lut	768	b08ad8da18987e136b779826b1ac4da7ff78add8f5399245073ae796761e9a9c
luts/5_ramps.lut	2438	3d6be9bec1c43eff8ac0ee28e593e49e5108e877ca18850df04e9a7dd231ff8c
luts/6_shades.lut	768	4c8191b7c55074da73878d9f0f8bedf5d27b889f06a34828126ae85d85099db8
luts/blue_orange_icb.lut	800	9feb1a0ced766b88f209aee1d9d9867f93c5b317549cf8f7b4d5961ee44bc5c1
luts/brgbcmyw.lut	768	a90446f44d92a86a30c974ea1b08801c3aa859a1daf1923e308c655ed37f9f3a
luts/cool.lut	800	41eb160ab881d52419e6164d5891926845b18506bbc69c850c70fb5aa30a74ac
luts/Cyan Hot.lut	768	3dcda786539bc9941b3c599cb415ce4db9dedce09fdcabf62e12bd941f2691fd
luts/edges.lut	800	46c1ccf95ad7fad6608c37be82a548a68585db77d64d230273294ffe0e523cb9
luts/gem.lut	800	f7bc2aab07f2e331951f14d86a87abb0f1c4ee32fecc5045110a5f122e628979
luts/glasbey_inverted.lut	768	80b45e66368d9a0a0f8710ebc4aa1dac582418e4af9f304389b96996ad83fb7b
luts/glasbey.lut	3606	1aa1620c8cf934c6a24f53cf7706e773ea5d52188123ce6f0c2f35962f446658
luts/glasbey_on_dark.lut	3840	fa5ec3dfaa2d07157988c6f4aeadf166c8aaf084d00fd839c502daa588887949
luts/glow.lut	3461	1f99666319f62b3904758d3dce791df9b3d3734dd8c45b12568381c791e442a0
luts/Green Fire Blue.lut	768	01f17d9e55cd3bf2f2e8af1bf4261ea392d88ed0316a5acb9375a44c21ea0f3e
luts/HiLo.lut	768	a4fa43d2067d1c3913908040d287ba768ce50d117f33f5b16912e5952398e0eb
luts/ICA2.lut	768	5aaf5ae3a9904f5bc0db76e538369bee91b552931bfe63ec0e55270309313308
luts/ICA3.lut	768	06b3e99b20a59692e858d52fba9d9017e4cbc1da771375d48f23aea804e21e75
luts/ICA.lut	768	11133505bdb6280d5ca97f3adbc059f153791b8eb8509b410df1b54e7b62e7d6
luts/Magenta Hot.lut	768	a812a716dbb8fe66a1324062e2779edfaafd52d78f67c523f9ffea5786addc3f
luts/mpl-inferno.lut	768	ac31831ae6abeb3d5d3dbc5a2a7db97b1ddc181f39a5fcf2fa71dfa6b4265112
luts/mpl-magma.lut	768	57c014a7b801f1d7b0033eaffa49abb142e3831d136b20b19b7354ec54a0980d
luts/mpl-plasma.lut	768	73f78f6630823ec2fd1246e3daeb94654a862c49ebd119f7f925546e1df3e9e2
luts/mpl-viridis.lut	768	4f3ef5f6c954c68cc986837d12c0ab90310ab19f1f989e4cef073d2b37cc92cd
luts/Orange Hot.lut	768	7cb105dc89df07850ff6828d34dbe5382a87db5261aa56e34b951d145bb67701
luts/phase.lut	3329	15a2c0e4c3b89f595513c2afa60d22d96415ef6e87a816fc617718164af0517a
luts/physics.lut	768	a564496c344d8c13f06bfefef2ddda8ed20187368c8aa62d947e90eb158df00f
luts/Rainbow RGB.lut	768	435e622b836813ba9b22231c99b9a302a2d07df7e807cc54516fb7d2101ac474
luts/Red Hot.lut	768	a666d6f0bf380c78859bb77bbe79c9cd3b8b038d808f7ce7d2dd1c8925184e97
luts/royal.lut	800	ca3929e454ca66cba061d04cdbc92ab58b02c8e97a38423debe7fc2f72c1d27d
luts/sepia.lut	2853	b11449c269eb6fe006d4026d2626be85c311345d339b7f45be995b0c27879463
luts/smart.lut	800	43459001ded0de397e1a14a57a5588de268e58829b928b011f1c53f2481a85de
luts/thallium.lut	800	3b314af6932945958303059d4908b4655509bc9cf1935c48df8c270558922d4e
luts/thal.lut	800	16748d94c595a286795af14404d579c15a8d679dbbc7f5f56f64d92151db14c4
luts/Thermal.lut	768	5366ef21b3a480066459a2229c5b01e0aefb62f505d1dce54dcda740c63742f1
luts/unionjack.lut	3543	362cdee38bc617e32bd605192634b6624a9f7bcd92fa21c2ee146d4033c226d2
luts/Yellow Hot.lut	768	1e6d2f9fd339b1f6a34b9e0e0434e2fa42c0bafb26f2c5b15129f8ba185a967b
macros/AutoRun/AutoRun_Scripts.ijm	572	42d37d320dc85ecac1c39aaeeccaf5f3f8b450e39368a4bc8a23c052af119d29
macros/listManagement.txt	885	d4e6b3423630ce5bd45778f62b7059753d206a16f55411e7f97de42973e47720
macros/StartupMacros.fiji.ijm	8806	c8b9406a7d1d0be7186b216af396407dcca1751594fcd504a42f4835a6987ae9
macros/toolsets/Clear Custom Tools.txt	103	65b869c7694c49aef316478122e8ee577bae480a838192ce05d2bf8204898bf3
macros/toolsets/Drawing Tools.txt	5816	2ca964bed7dafac8a6239b0d90519e6214ce81a4904366a61cffe470222c9942
macros/toolsets/Lookup Tables.txt	3152	a2511c45b24e87902cd82f26e3c4579b7ca2af43225e14c2c455e0116133b959
plugins/3D_Blob_Segmentation-4.0.0.jar	13421	fa8c6074d940bb92c30748dc2aede0e132b15211aa94be9775ef132af5ea9002
plugins/3D_Objects_Counter-2.0.1.jar	22913	e5cb0928d46dd76b755d7478b77996b24f4ce569e70b15715c57766824100fef
plugins/3D_Viewer-5.0.0.jar	564930	d8c82b5054c40b380cfe7f212ab9ba6ba8f4ef44099d8b077902edfc955edbab
plugins/Analyze/Dynamic_ROI_Profiler.clj	3676	da3093fd0a5560a5f8ad066f3d5798633c822db48c6842d51f817b83f001ff4b
plugins/Analyze/Measure_RGB.txt	744	b911ea8f01fdf19c46a5c08e74be9b6b973d128b57a56117a7180570c28780b0
plugins/AnalyzeSkeleton_-3.4.2.jar	50158	043f52f936d7fb69500b01fe061b0ab948ed85b68e05bd244e4ba3e40b9961ac
plugins/Anisotropic_Diffusion_2D-2.0.1.jar	11405	5fdca34d9925c7d5ce9c9a78e887b7c72fb9731511fa4b8072fa421f46764a84
plugins/Archipelago_Plugins-0.5.4.jar	28131	bb426b03646e72a737c407984e4c7e74500a0da237dd01dac999de2ed37ff7ef
plugins/Arrow_-2.0.2.jar	29138	6ed543c29f260c1a65c8757ecd2f70aea46f759d5b48ee2557eb633ff2bdb05e
plugins/Auto_Local_Threshold-1.11.0.jar	12290	b4cc8e4373b06718fec35fb5818def894ef971c5bff3d58309f6cba8589bec30
plugins/Auto_Threshold-1.18.0.jar	18539	cd13304b65d5451bf873c3263b74e71736ee0d32cfe4a848732857bd1bb5c606
plugins/BalloonSegmentation_-3.0.1.jar	69164	1392d8b26acb102d25f12dda8ad82849ffcbe17c67af744d226f2869f8238701
plugins/bigdataviewer_fiji-6.3.0.jar	185907	2d69baa2ffa4f2e9a9c0f33ceb77fd2cbb9adbed179746b270356491439a84eb
plugins/bigwarp_fiji-9.3.1.jar	682029	5d864478d4c3fa6f4ff40c02f5392dd8d10d2ef96fcb6331cff0fccd64a496ac
plugins/bio-formats_plugins-8.1.1.jar	250459	1dc678a63473adf4d180169443fd781b23a1ae0b985ecb27440bcc3ce1562b70
plugins/blockmatching_-2.1.4.jar	17383	3cf8240f16800800216c82840a04966f32124353798ae0114a70cc580694549c
plugins/Bug_Submitter-2.1.1.jar	23811	3b8c1668a2c0111632fdebf5b4c9d49984567ad367f81edce7caa3679ed6f9b6
plugins/bUnwarpJ_-2.6.13.jar	192299	5f51e606947e0878f0045de7ba5620050314096d4b0fe7de7955f4d678825134
plugins/Calculator_Plus-2.0.1.jar	7288	2153402f3e678c004137fa9a8e31954e5422bc8e2b6f5f8b2ffb17710f8453ed
plugins/Cell_Counter-3.0.0.jar	33261	76d1702023c4960be599a1dc8714105729a6218a2553c507981d140bf4fcafc2
plugins/Colocalisation_Analysis-3.1.0.jar	153303	f686c152d99163ccb66e1964665c8c9a69c7fbfd37a687053c51d472b5cba88f
plugins/Color_Histogram-2.0.7.jar	21902	c0574af99de2222a58eeb2c71db85f4b5fa607b4e5e16130b55ed2587e026379
plugins/Color_Inspector_3D-2.5.0.jar	258312	52e359a44914747abb209da4d321433e738bc5f42bc772fd2531cb1dbf8d7ca3
plugins/colour_deconvolution2.jar	22504	1690e891f5aef7bbe116806f425539c6b00d38e5d9bd7fd11e962026886e1002
plugins/Colour_Deconvolution-3.0.3.jar	15155	b861f7885ea111d529f8b04e502cd0a80574db5238064ecbe3a22155dc747512
plugins/CorrectBleach_-2.1.0.jar	19065	65b861ebae641b2aaa235e296f42afdb948d356bbddec92d2808f0c40da1174a
plugins/CPU_Meter-2.0.2.jar	6183	688001fbb22e5e5fc53eefc37494fad0c2ab6bfd55eb859a859ff9b53934ba41
plugins/Descriptor_based_registration-2.1.8.jar	80735	84bb902cb61fc981bfd86828fc8716e76adf4ec902f50fea58399e924d915df8
plugins/Dichromacy_-2.1.2.jar	20494	28b77d3e1fa8a8c65e6479e17e094241a83aee9db1d598b16f98f0e8a8c6fd78
plugins/Directionality_-2.3.0.jar	25076	81f916d6e21746c947240a93e1b788e27a6774a8033e439848a142ce3ca71cae
plugins/Examples/Add_Popup_Split_Channels.bsh	420	3b511fe67e6280e695f32a63118573d4d4d8f6838352d75a05053873454e8b6a
plugins/Examples/Anaglyph_for_Red_Cyan_glasses.rb	1835	b06ae3d45e2d74c668b90a687fa6bac26026bbebeb5ac3e82f265d50451a8850
plugins/Examples/blend_two_images.clj	1485	3fea241ce27ab70a2ea4177fba8761e652b149f931b703ac0ebb60f6dd976dfd
plugins/Examples/Blobs_Demo_in_Ruby.rb	2012	b2d003eee8c401a9549ea61a5e6a6d00bf035df594821b839e29e016a24bc723
plugins/Examples/celsius_to_fahrenheit.clj	2091	4850504df48c6d4a5ca8d5faffbd7e6fb2185946b7b8cdc8830e5470113f3a13
plugins/Examples/chess_.py	3781	1738e777ae822bcbc0c2d89d99729263344999680d579d7d1e41bae9769a9a97
plugins/Examples/Command_Launchers/Command_Launcher_BeanShell.bsh	1163	95425c3e9ee93bc906e9453cb66b6d374816c9da1b638769408d9732c907169f
plugins/Examples/Command_Launchers/Command_Launcher_Clojure.clj	1223	435b06069d4491fbd5fdd60d68e286da399bb777820124d2f666d2788e7ffc35
plugins/Examples/Command_Launchers/Command_Launcher_Javascript.js	1010	1bf4e75739e67a5ebe86f2df19bd898701891d6fa15423c3ab967c7af2e59829
plugins/Examples/Command_Launchers/Command_Launcher_Python.py	1216	1d66f488254c5435d211efab26d5f6087d6f202000dcafeedd9ff49e4e06d34b
plugins/Examples/Command_Launchers/Command_Launcher_Ruby.rb	826	3bee9a7239e9fd351035ddcec4f65f1ac2dda734a4f38e17607ae6b274e91322
plugins/Examples/compose_rgb-stacks.bsh	3173	7a9008f3e174dcf9f98d5e06ba4b0253320b8f5db411e9f0857760e4b0f4fae9
plugins/Examples/CoverMaker/Cover_Maker.py	8702	0f5644613cffebeaeeedaedb3029a7c474dd5a171bcf7df16a5ed6f5e02f294c
plugins/Examples/CoverMaker/Prepare_Cover_Maker_Database.py	7430	2f1236fed1a14442908f4a1b7739441deeca60065bd245b8541c9f1412268c7e
plugins/Examples/Delayed_Snapshot.py	647	7998b95bc033d042db6c0fa701f8bc14d2ef42b8d67986127e05d899ee352437
plugins/Examples/Delayed_Snapshot_Window.bsh	3118	906d0dc8c7181fd6ad518690bb2b597355e96b512ab43b578e0011388a1e3b2f
plugins/Examples/downsample_.js	4303	143eb2ddd789f5fbfe66ed5167e2b5205f570e66b82f5e3f479159182fc16a52
plugins/Examples/Edit_LUT_As_Text.py	2161	960cfdadc4e81723fb630df3d625be4df2cf756148edb26e9c8911802b36f7e1
plugins/Examples/Extended_Profile_Plot.bsh	580	b068d860cf5d5e7717afe55a84fb40de4c29f0e7a4a0adc545de593821c1e2d9
plugins/Examples/Fiji_Cube.ijm	2028	3daebd2d22433b4ba52b221e5d19ffffaf043b2ec40539896523e7899cb6886e
plugins/Examples/Fiji_Logo_3D.js	2069	3af0f474c39db77c5ecd56423c5f6f9d0dd902c3125d77757d9f685212bd2b6c
plugins/Examples/Find_Dimension_of_Raw_Image.py	1431	473392ce38301ea683c1058cc2029701785d38b091e20ae75e18bb9fb5f1ab7b
plugins/Examples/Image_To_Tool_Icon.bsh	1731	00181785d584782cd60f3d7945349f550a5beadd82998e6de5bd79a41c7348bd
plugins/Examples/list_all_threads.py	777	a1dba173d8b086ca1cfb33aaa95f3cecb40e7dce02d4f60a60ab405d4e753202
plugins/Examples/Multithreaded_Image_Processing.clj	6952	d478a046b09990696d7ca88984334ec3142ba567d75e60cf3c3f39c5777a89c7
plugins/Examples/Multithreaded_Image_Processing_in_Javascript.js	6031	91493f46dfb7efef6087004d311cd074112e311a8de9931a4c363c2e35f206a2
plugins/Examples/Plasma_Cloud.rb	6271	bef6834e70a74cc494025c994de50a196ebfe4ddf736a26eb16d7ab98a4b0495
plugins/Examples/random_noise_example.clj	1593	5c2030e789377f2d533a45218f2116149738f1f523839adfacdcd6405be4a5bd
plugins/Examples/Same_Slice_in_Multiple_Images.rb	1634	86dd0b1af352cd0159861874735d47b555b16a2edc8ac52b020423b57d805edc
plugins/Examples/The_Hue_Game.bsh	8737	e99b5f6cda204939f4fd4cc542de483b6e389191aca03a3ce2a8c45fc5dc6c55
plugins/Examples/TrakEM2_Example_Scripts/extract_stack_under_arealist.py	2199	6da42dde2bc2e3a75557741303fb0c4dbd5e9c59acb808658ccd3a2fa0ec0edd
plugins/Examples/TrakEM2_Example_Scripts/Homogenize_Ball_Radius.py	665	a679b7aa239191cf263d159a750d68689133445f4ff38c05b9039dfa2349a1a1
plugins/Examples/TrakEM2_Example_Scripts/Measure_AreaLists.py	4441	ba11458e5f1c4f93e9188b26d9e9221528a8977c1b71c7435384b873ddaff36f
plugins/Examples/TrakEM2_Example_Scripts/T2_Select_All.py	411	7caab80dd4c957624e0d87438711162c93f58a6db96dffa9fc1e248f606192ec
plugins/Examples/TrakEM2_Example_Scripts/T2_set_all_transforms_to_identity.py	256	c8594abfadbbb570b488344328f3df34ce6caaf531b067ad7aaf5bff24a2d07c
plugins/Feature_Detection-2.0.3.jar	19859	dc864336c9bafc041884a4192439975b7781e6f6a906c2f18d59966789b69530
plugins/Fiji_Archipelago-2.0.1.jar	185588	bf7e3ae19d7ec03f48962a64dd555eb08bf2fce2fa452410291a461302638038
plugins/Fiji_Developer-2.0.8.jar	45383	f0f6b2a231d586d7c681c58a016b692dd60be520865750b16b46d21e98decc7b
plugins/Fiji_Package_Maker-2.1.1.jar	24031	00afbf6bbeb5d52b00bbafe0d97d120ff0ba32d4871af5c2bd7ae343ef8eb2ec
plugins/Fiji_Plugins-3.1.3.jar	96822	a8b83261a58b45761399cdb3612830788ce6b1626f830926443e355cefebf3cd
plugins/FlowJ_-2.0.1.jar	6869	979199df0ba4b2acc72eb1370457f8844bb1e77f47f6467aa6008b5e12315225
plugins/FS_Align_TrakEM2-2.0.4.jar	22006	92ad3e93a14501b55402116b35e4e6bf0ac996b70653e2cc3937003f102eaccb
plugins/Graph_Cut-1.0.2.jar	40018	892f8bc11023749a3478b318f48eca7fcfa7e9cb8f2a3c6ad8cc621fd8f7aafa
plugins/Gray_Morphology-2.3.5.jar	33651	3bb0f5ccc5d8276f14d11cfa353fb3a3e41a5bd09bd581ceced272780933d67a
plugins/H5J_Loader_Plugin-1.1.5.jar	43050	c1f7a73ef121e8adafeb9b9bcea25f09c1d3430d1da095a2c1d2d3a9692216d0
plugins/HDF5_Vibez-1.1.1.jar	46466	f1072d69843847a8bc3646c54885c67ec28f1224347f09af58bc5f2c6a67b545
plugins/Helmholtz_Analysis-2.0.2.jar	8940	de4ae392208fbe30c7327a0feec477c54791c986d2af51702d5b5c124178ff9d
plugins/ij_ridge_detect-1.4.1.jar	129915	2e1c972ff88d9fa927752713bc3ed91ada22d7b461abfe344f64729b8c5fe1d9
plugins/IJ_Robot-2.0.1.jar	6167	2d7ab2237b1766318f661557b460df2c76833bb665498fdb5c48abf72124b195
plugins/Image_5D-2.0.2.jar	130627	74435980496cbf15f0de2cabc1d8a511eefa4acf0e12db6d0bb853c269a2dad6
plugins/Image_Expression_Parser-3.0.1.jar	83901	d3a2c45a6a23201d911cb2b9f8ead26409bc9a6a30bdba8fba8d663e68c4572c
plugins/Interactive_3D_Surface_Plot-3.0.1.jar	96320	834fc974e917cc053622939d42db3d218f33a89656c4775bc027181f96e79544
plugins/IO_-4.3.0.jar	170534	530428671fb583bd6d6bfd242f49e9655465036a0edf7253b282be93cdac7d5b
plugins/IsoData_Classifier-2.0.1.jar	4623	ce2cc3cca69629f820bb3930f607bea50f8478c772f839a218eda3aa6c194ecc
plugins/JRuby/imagej.rb	20949	70f399e98eb014f774f947203132d498007447e3fbfb60d1f5baaf709a4f6ab9
plugins/Kuwahara_Filter-2.0.1.jar	5536	306e863f9c59424e893d96c9b6c5d1deb2913a7a797abd7f629ea65d383bfea0
plugins/KymographBuilder-3.0.0.jar	17686	37f31e4afb477b9a215b5e62921fc73ad9b49d7a38b03c14e02e0d935949c3d3
plugins/Lasso_and_Blow_Tool-2.0.2.jar	25180	db5f8ef57f108fe3b571734e6ec82b973498b00cd8903945bc0315e19b930d84
plugins/level_sets-1.0.2.jar	85238	8db460ed2eb03c412ebc2b28ca549e4be8744c3576dbc117df835f30f7c8b1bf
plugins/Linear_Kuwahara-2.0.1.jar	7642	e51b05aa4431067ed7ef4ad4da245995255f0120a5a7ae77e48952763142c2b0
plugins/LocalThickness_-5.0.0.jar	32083	938c20145f9cd7d2104e951fd4b22621cfa0a1fcb870da6ef5ec3d38c61582ff
plugins/LSM_Reader-4.1.2.jar	20469	e4d7dc6091773421c6a985952a709d28c25a2bd93b5c0b72f6a7bfed520c5635
plugins/LSM_Toolbox-4.1.2.jar	338579	15a95539b5d3bfba37cee511b90e331e0d77943d98c28ffbf39ee2167ff95e61
plugins/Macros/About_Plugin_Macros.txt	178	afe992f13ba6bb74f614209e75f8723e942bdf05f6ab0c771116d514e343c53b
plugins/Macros/batch_convert_any_to_tif.txt	581	3e58119ee028691e66d05cb554c6c8319c7efad8b2e5f66f77e9dc994f9803b0
plugins/Macros/Bulls_Eye.txt	734	8cdb721a0342cf31456fbfde41461abf4edcd0f880a8989baa47b2493ae0ead1
plugins/Macros/Polygon_.txt	2750	add99d1f6b5635366a790244bd20ddea1eddd68cf229e02907326d33f9001008
plugins/Macros/RGB_Histogram.txt	961	0801f215de4be885207a5abd34505724180143351947df17875e524a4e467436
plugins/Manual_Tracking-2.1.1.jar	24978	7760851446cca6b06084421a61295a887bdc92a4cba551f2d0e8dfef9f9e73ff
plugins/M_I_P-2.0.1.jar	14058	a8598684f6aeadfcc9fda315353682464b6a98066a8b6fefdaa057be07153de4
plugins/mpicbg_-1.6.0.jar	146633	019aea8536ec259737ede471374d2108e1eba39cff6859066890ad07287ff106
plugins/MTrack2_-2.0.1.jar	11644	7b985c4cb54a2c39b4aaa5dcd6ffa56cad3f35ce0db5d15cecf1f53d019250cb
plugins/Multi_Kymograph-3.0.1.jar	15591	328ad6acd95e8aaa190e91201f92338d12fa3c0ef7c34e46d2508fa306c13296
plugins/n5-viewer_fiji-6.1.2.jar	93569	88d9d8f9339127c4ed515999ad72fdb67ffebac74d39df47db1d2c196d554694
plugins/panorama_-3.0.2.jar	30997	619b0fdd5ace911edb219af27f6dd6f9fa4f027fdcf9181d12e9d7468b24c737
plugins/PIV_analyser-2.0.0.jar	23750	6236786ef4ca82c9470a53dd61721b939378505978c8e8d2594be97b7ddef54a
plugins/QuickPALM_-1.1.2.jar	59014	cfe03a70c7090820a9b66d5cba40b995ebecf858a06daa90fd7d0e6434255baf
plugins/RATS_-2.0.2.jar	12958	c126c15700cc68e3c273d2ef9ebc542dd0feddf6cd33912d40775bd4b858cee0
plugins/readme.txt	22	29ddf4679247734f19a32232d58ad99922d95a3c3f8474f844facdf139f826b3
plugins/Reconstruct_Reader-2.0.5.jar	67843	11d899f544c3862ada08ab9ee94d0ced6e42d146f90da42f872331a87952259f
plugins/register_virtual_stack_slices-3.0.8.jar	42334	6992d590b4aaf8c94d1164d10c3ffbe7f24ad72f48ee3606f0f05daaafaecad7
plugins/registration_3d-2.0.1.jar	32632	d19f2fb66a8ea0cfabbbb48fdf1f1a44d328a7207c0d3bcca25f604e8947d89c
plugins/Samples_-2.0.3.jar	2962	b73b35026cc4df23e636fc201181a3b8ff6c0247f9efccb6725036725620ddde
plugins/Series_Labeler-2.0.1.jar	34838	f59fdc18ac7331a724f333ea9a990e60beeb82fdfb948945d04dd04dc8551beb
plugins/Sholl_Analysis-0.0.0-STUB.jar	509	4be682cb4b0f30029dc3fbb34f34f4c4d1787ac92c6cb23843f72f9d8f367748
plugins/Simple_Neurite_Tracer-0.0.0-STUB.jar	509	b58e86c6c8031d1c65cbe1d6f4c01464659bbd497f4ce9fcb9ed5b5ebea50056
plugins/Siox_Segmentation-1.0.5.jar	113625	c415f7f1b5fbcdad698fabefb3046a039f68675c31864e48a0d32a30c10454ec
plugins/Skeletonize3D_-2.1.1.jar	10204	666ae144ec77d5078e9e31174bce7150bdf494c5610ffe4f1a74424fe092d737
plugins/SPIM_Opener-2.0.2.jar	39924	d90cd4557c551181d748eb19d8afe734c67f3de5c7d417a0fdd3407b9b86ef42
plugins/SPIM_Registration-5.0.26.jar	1615109	1870298e5136b269c31166427dc35d4c3acd8fb384fa7bbe9e793108f1730617
plugins/SplineDeformationGenerator_-2.0.2.jar	44679	3136c463e0078bc7a52993861f8a08ef08696b153b3cb617207aa0b29d2d98c7
plugins/Stack_Manipulation-2.1.2.jar	37232	1c91e89a3cae56478434481208e51e3e8c93bc8be903cf4fed05142c32b581b9
plugins/Statistical_Region_Merging-2.0.1.jar	7711	9a9baa672ecb1952daba170fd3b7b7b3bf113a9baba7229c6153baf36bcba43a
plugins/Stitching_-3.1.9.jar	366313	aae6f72e250a116abe856e6d03eff22d8d5903ad25da38e379de41dc1ba7ef78
plugins/Sync_Win-1.7-fiji4.jar	45125	0cd0ff869244b6c68459206cfeebb853705a414ddba127f46cab4ad52d1cb46b
plugins/Thread_Killer-2.0.1.jar	4336	3ec4d45ded6b50ddb9fc1242cfb985a525a7699d0e90d3256c74326764edce26
plugins/Time_Lapse-2.1.1.jar	79894	0893497695f7673431ca590c19a25643d314a9654b8bec73096b9b8b90fc0447
plugins/Time_Stamper-2.1.0.jar	6138	d615870023d33ab7d51929593696dea1b218e93b9f04eec61acf5f08159731d1
plugins/ToAST_-25.0.2.jar	25263	6e149bb5936c0fa33e569aa38fbf8e916cb55b36c87132f6a2f3464d65f37431
plugins/TopoJ_-2.0.1.jar	9420	6200aba0ece382f37c366a926108ac7af95a639f1b10c3d40f14d2438fb455fe
plugins/TrackMate_-0.0.0-STUB.jar	509	7810d1f0b2693edc49bcb521959cce28fae1f2c8b3b44e31d2000db2f316c5da
plugins/Trainable_Segmentation-4.0.0.jar	501343	f85a8c764d64b9f52cf4f026d5af7278549c65f304a3f759d33339259d0437f6
plugins/TrakEM2_-2.0.0.jar	2368518	8772e3e3bbbe81d206a96b53ae7079292af6fa4564c349197060932253ec3c49
plugins/TrakEM2_Archipelago-2.0.4.jar	22478	7065dded020baf0da52d222ab498906079892e5655d1de795d34a264cd701b01
plugins/trakem2_tps-2.0.0.jar	11160	972da6d5b49be7dcd7ea5276bd21d23f5edbd29e8d5bd6908ff4e870a4b798cc
plugins/Utilities/Close_All_Without_Saving.txt	404	9f39866e9cab9d42eaab7f85dfe145c52ffa88b27fe8c3d069ae8a7e9576e8dd
plugins/Vaa3d_Reader-2.0.3.jar	20505	32868b27daafcd3445029b0ad5d392d453721d4105dfbb603963d4160bb5cdb5
plugins/Vaa3d_Writer-1.0.3.jar	6476	280aff9e48764add19c965f7186ba3cd6a9686cc4585da1241df4b1ef2b6494d
plugins/VIB_-4.0.0.jar	448065	af9344c42d41fb233a88bc33af0bd952e5fbb5e8e97f61172571c3750f8b79f6
plugins/Video_Editing-2.0.1.jar	30046	aecd41e8337140437fe21bf15a4922ceecbe30038a34a81d82b8486bf17235d6
plugins/View5D_-2.5.5.jar	180794	f1e2e81fcba209cd39e0228426ec57ab1b145d89708198930fabd6d10ff3af7a
plugins/Volume_Calculator-3.0.0.jar	31417	dbadb83713bf4c0a7f5d60881eef543e2409fa84e05f82cbe90bfd4b740352d3
plugins/Volume_Viewer-2.01.4.jar	121862	9d252be541818a638679f66ef36d486565214c9711659a909233fb3e5d2a7711
plugins/z_spacing-1.1.3.jar	131427	fce2136459f4d1a950b98ccbdd070f359ec32198d4b63941cecdf5cc3c07d823
README.md	4800	9be3b6839fdb09f671fe6b7bcf37f815ba48b73a5dcf2355914f5c18d21edacc
retro/backport-util-concurrent-3.1.jar	331716	f5759b7fcdfc83a525a036deedcbd32e5b536b625ebc282426f16ca137eb5902
retro/retrotranslator-runtime-1.2.9.jar	308490	145b88f38896b80a9d8b51da1e3fef4db93df35d065345c9da94f53b0bf24577
retro/retrotranslator-transformer-1.2.9.jar	173945	c884f240cf2248cf66a49bc4cce0dada91e52ef2b30db6deaf60e5124299d792
scripts/bfopen.m	10040	2b9f7d5ada8194cabf4acf70c7779afddcff0b8994e97e3c104fdb151e1a817e
scripts/copytoImg.m	2772	bcebbdd526af5e1eb32fe862e08e268b6c65f039f87d968fad9d0b554c2ff335
scripts/copytoImgPlus.m	4393	b861c1b73ee4af9931f82e108bd81f9fa11d6b447cc880b76c78546f1e74ba32
scripts/copytoMatlab.m	2508	01dcf54ecc7723f1cade76801394815a653c208f9decb3ec63683a88a398b1ee
scripts/File/Fix_Funny_Filenames.ijm	2436	3195d665dca46ce26669184d4362cd296cdcb8a9fb3584b1ffa4355d799ecf67
scripts/File/Make_Screencast.bsh	7139	90068a9c7b5b9e6342ad71e658a291ef36012b4210be40f0dada751562549f2b
scripts/File/Open_Samples/Adelsons_Squares.ijm	3857	aa24ec9755df94f34cb955143de9b6dcc07437dbc7571fa57384e5d89d9f6134
scripts/File/Open_Samples/Comparing_Lengths.ijm	1014	df588c9327dd3f63b7836a2a5c11b594ac1febfbd5588a5062fa8ceea1a5029d
scripts/File/Open_Samples/Spirals_.ijm	1259	80fbe17d981c0547363b01e1152b5ed80f4a04898181fbc2664c45bcdb2064f6
scripts/File/Open_Samples/Straight_Lines.ijm	1367	3f3f2d449ae3fd4a9d48c608af8e49d453d8e64c9ed35f436efee871f4c9f733
scripts/File/Open_Samples/Striped_Circles.ijm	1356	7af97ffd71a3e435ba5981546eb8030a103e5797bb89102d8ca1a39d05ca59f4
scripts/Image/Adjust/Scale_to_DPI.groovy	2751	1810910e40a61a524c62a840738ca51c15fac5faf37942dd1c6e407ab89d2272
scripts/Image/Color/Set_Color_By_Wavelength.ijm	1258	0fdf1d9f26cd998cada02822dd2d87f20f61883f7f72a1796ec5acabf675fd89
scripts/Image/Hyperstacks/Temporal-Color_Code.ijm	4844	2296431409c08788b46afb6fd088769a14664e744260450a1582eabf04a3e051
scripts/ImageJ.m	900	79c66c41d8a6225af71a76a1c562a59759bdda377d3908ef3051d040cc4c7f7e
scripts/importTrackMateTracks.m	5655	a79935299a55a577e37e790a45fc0970b348e29d1fe0587c629e57fb050fe225
scripts/InstallJava3D.m	4951	4dc09515b9aa26c848c79edee0defe016877b2b9c3e2166c321cf1e4e8cf98fe
scripts/IsJava3DInstalled.m	569	7851198838ae4fdb334ac45722c6f9d82be5e91e0318582b0068fc443e4f3861
scripts/Matlab3DViewerDemo_1.m	4537	c0b96f465c8dd2cb62ebe53152c7f3a24f257bbc93024348c8a9572c8a2f3a58
scripts/Matlab3DViewerDemo_2.m	4670	b00319896d68d97b718b23cdb7c10cfc282c54f1f18acbffa86207280bfbf07e
scripts/Matlab3DViewerDemo_3.m	2909	e03fafe894185c8b12c356a9a29f8ba34ad939c110c6a181d9ad9b40b80fa5de
scripts/Matlab3DViewerIntroduction.m	6449	e60138f1d6e042e87d697345a66b50c3fb78d9e2cd65fd2993c7da6623f01a29
scripts/Miji.m	3279	205a2192027cea3c788420a0596061b6209b36a8a8657cd619f195aa93f56804
scripts/Miji_Test.m	147	0a927f7dc6c8936ce81bf92002d0e5f795d590152981cb7bf4ed6a49e703072d
scripts/Plugins/AutoRun/Check_Required_Update_Sites.js	1336	54747c858a16581a2c5fea5dc2511b2ad52f3ab6aa2130630a378c70c9949972
scripts/Plugins/Utilities/Create_Desktop_Icon.bsh	1292	e72149cf6ddcdf45e291ef958b9c78112e0bf05eadba636b25e577e04372c02e
scripts/Plugins/Utilities/Find_Jar_For_Class.bsh	1532	8e00d145ec27a81a34e7638867f8a3a53f6f2e0d9b7ba78378462e8ca2eb8c27
scripts/Plugins/Utilities/Record_Desktop.py	1916	32e97319bc4dadd12929e8d4b8af43008a7ae07f2c3258df41e633ce5ed86da8
scripts/Plugins/Utilities/Record_Window.py	6164	06783c46b13790c60cf118f0f2fb160fecbc9473dde420d207d0268b5a9cc955
scripts/trackmateEdges.m	7030	4c2b449b77df3e0cb90359630c74bd03d8f3554c9c56080bc4756c52cd999899
scripts/trackmateFeatureDeclarations.m	5791	723aa0a124b7f19d1f8f9bf72b78993ef8d31ee3aaa189753b2106e3f2a954e0
scripts/trackmateGraph.m	4143	7ade2ef72a40c58a6dc4efcefa1bd309eed6e275c8e971e98db344867c7c602c
scripts/trackmateImageCalibration.m	2607	fcc5cc66026915813d5bdb25021b2fa800a210e9827abf7c15bd380be0377123
scripts/trackmateSpots.m	7388	08fe50bf1b82ae629f6f01fe60e9f3378842369b78a5c3230ea3ad6ab6ab6131
WELCOME.md	473	c9bf4869b5499d4299fc44958b9385b775dba5614004a811d67aef0fcd1151d0
